"sur_scale_id,""sur_question_id"",""Skalenname"",""ItemName"",""Gruppentitel"",""Itemtext"""
"1,""52"",""Anstreng"",""Anst_best"",""Wie beurteilen Sie Ihr eigenes Lernverhalten?"",""Wenn ich lerne, gebe ich mein Bestes."""
"1,""54"",""Anstreng"",""Anst_voll"",""Wie beurteilen Sie Ihr eigenes Lernverhalten?"",""In der Schule bin ich meistens voll bei der Sache."""
"1,""56"",""Anstreng"",""Anst_sehr"",""Wie beurteilen Sie Ihr eigenes Lernverhalten?"",""Ich strenge mich in der Schule sehr an."""
"1,""58"",""Anstreng"",""Anst_schwierig"",""Wie beurteilen Sie Ihr eigenes Lernverhalten?"",""Wenn ich lerne, arbeite ich auch dann weiter, wenn der Stoff schwierig ist."""
"2,""17"",""Motivlp"",""Mot_inter"",""Werden Sie von Ihren Lehrpersonen beim Lernen unterstützt?"",""Unsere Lehrpersonen können auch trockenen Stoff wirklich interessant machen. """
"2,""18"",""Motivlp"",""Mot_span"",""Werden Sie von Ihren Lehrpersonen beim Lernen unterstützt?"",""Unsere Lehrpersonen gestalten den Unterricht oft sehr spannend."""
"2,""20"",""Motivlp"",""Mot_beg"",""Werden Sie von Ihren Lehrpersonen beim Lernen unterstützt?"",""Unsere Lehrpersonen können uns Schülerinnen und Schüler manchmal richtig begeistern."""
"3,""16"",""Unterstlp"",""Unt_fort"",""Werden Sie von Ihren Lehrpersonen beim Lernen unterstützt?"",""Unsere Lehrpersonen interessieren sich für den Lernfortschritt jedes einzelnen Schülers / jeder einzelnen Schülerin."""
"3,""19"",""Unterstlp"",""Unt_lernen"",""Werden Sie von Ihren Lehrpersonen beim Lernen unterstützt?"",""Unsere Lehrpersonen unterstützen uns beim Lernen."""
"3,""21"",""Unterstlp"",""Unt_helfen"",""Werden Sie von Ihren Lehrpersonen beim Lernen unterstützt?"",""Unsere Lehrpersonen tun viel, um uns zu helfen."""
"4,""36"",""Foerderung"",""Foe_sch"",""Fühlen Sie sich von Ihren Lehrpersonen gefördert?"",""Unsere Lehrpersonen loben auch die leistungsschwächeren Schülerinnen und Schüler, wenn sie merken, dass sie sich verbessern."""
"4,""37"",""Foerderung"",""Foe_anst"",""Fühlen Sie sich von Ihren Lehrpersonen gefördert?"",""Wenn ich mich besonders angestrengt habe, loben mich die Lehrpersonen meistens, auch wenn andere Schülerinnen und Schüler noch besser sind als ich."""
"4,""38"",""Foerderung"",""Foe_kuemm"",""Fühlen Sie sich von Ihren Lehrpersonen gefördert?"",""Bei uns kümmern sich die Lehrpersonen auch um die Schülerinnen und Schüler, die nicht so schnell mitkommen."""
"4,""39"",""Foerderung"",""Foe_begab"",""Fühlen Sie sich von Ihren Lehrpersonen gefördert?"",""Unsere Lehrpersonen fördern auch besonders begabte Schülerinnen und Schüler (z.B. mit interessanten Aufgaben und Projekten, Teilnahme an Wettbewerben)"""
"5,""8"",""Organisation"",""Org_gut"",""Wie gut ist Ihre Schule organisiert? "",""Die Schule ist insgesamt gut organisiert."""
"5,""9"",""Organisation"",""Org_info"",""Wie gut ist Ihre Schule organisiert? "",""Ich erhalte die nötigen Informationen rechtzeitig."""
"5,""10"",""Organisation"",""Org_inet"",""Wie gut ist Ihre Schule organisiert? "",""Internet- bzw. Intranetauftritt der Schule sind informativ."""
"6,""11"",""Klima"",""Klima_ernst"",""Wie beurteilen Sie das Klima an Ihrer Schule?"",""Ich werde an meiner Schule ernst genommen."""
"6,""12"",""Klima"",""Klima_kuem"",""Wie beurteilen Sie das Klima an Ihrer Schule?"",""An der Schule kümmert man sich darum, wie es den Schülerinnen und Schülern geht."""
"6,""13"",""Klima"",""Klima_resp"",""Wie beurteilen Sie das Klima an Ihrer Schule?"",""An unserer Schule wird ein respektvoller Umgang miteinander gepflegt."""
"6,""14"",""Klima"",""Klima_ansp"",""Wie beurteilen Sie das Klima an Ihrer Schule?"",""Bei Problemen stehen mir Ansprechpersonen an der Schule zur Verfügung, mit denen ich mich besprechen kann."""
"6,""15"",""Klima"",""Klima_sl"",""Wie beurteilen Sie das Klima an Ihrer Schule?"",""Die Schulleitung nimmt Vorschläge und Rückmeldungen der Schülerschaft oder der Schülerorganisation ernst."""
"7,""46"",""Stoerung"",""Stoer_mit"",""Wie erleben Sie das Klima in Ihrer Klasse?"",""Einige Schülerinnen oder Schüler stören immer wieder den Unterricht, obwohl die anderen im Unterricht mitmachen möchten."""
"7,""47"",""Stoerung"",""Stoer_lp"",""Wie erleben Sie das Klima in Ihrer Klasse?"",""Für unsere Lehrpersonen ist es oft schwierig, im Unterricht die Ruhe aufrecht zu erhalten."""
"7,""48"",""Stoerung"",""Stoer_andere"",""Wie erleben Sie das Klima in Ihrer Klasse?"",""Manche Schülerinnen und Schüler beschäftigen sich häufig mit anderen Dingen, ohne sich viel um den Unterricht zu kümmern."""
"7,""50"",""Stoerung"",""Stoer_beginn"",""Wie erleben Sie das Klima in Ihrer Klasse?"",""Bei uns dauert es zu Beginn der Stunde häufig sehr lange, bis die Schülerinnen und Schüler ruhig werden und zu arbeiten beginnen."""
"8,""22"",""Klarheit"",""Klar_merk"",""Wie klar und strukturiert erleben Sie den Unterricht?"",""Unsere Lehrpersonen sagen, was wir uns besonders gut merken sollen."""
"8,""23"",""Klarheit"",""Klar_zuku"",""Wie klar und strukturiert erleben Sie den Unterricht?"",""Unsere Lehrpersonen sagen regelmässig, was in nächster Zeit im Unterricht gelernt wird."""
"8,""24"",""Klarheit"",""Klar_reih"",""Wie klar und strukturiert erleben Sie den Unterricht?"",""Unsere Lehrpersonen erklären die Dinge schön der Reihe nach."""
"8,""25"",""Klarheit"",""Klar_zusam"",""Wie klar und strukturiert erleben Sie den Unterricht?"",""Unsere Lehrpersonen fassen häufig nochmals den Stoff zusammen, damit wir ihn uns gut merken können."""
"8,""26"",""Klarheit"",""Klar_verst"",""Wie klar und strukturiert erleben Sie den Unterricht?"",""Unsere Lehrpersonen erklären so, dass man auch bei schwierigen Aufgaben gut nachkommt."""
"8,""27"",""Klarheit"",""Klar_ziel"",""Wie klar und strukturiert erleben Sie den Unterricht?"",""Unsere Lehrpersonen geben uns am Anfang der Unterrichtsstunde bekannt, was sie mit uns lernen wollen."""
"9,""28"",""Aktivitaet"",""Aktiv_aktu"",""Wie viel können Sie selber aktiv sein im Unterricht?"",""Wir werden oft aufgefordert, unser Wissen auf aktuelle Ereignisse und alltägliche Situationen anzuwenden."""
"9,""29"",""Aktivitaet"",""Aktiv_selber"",""Wie viel können Sie selber aktiv sein im Unterricht?"",""Von uns Schülerinnen und Schülern wird oft verlangt, etwas selber darzustellen, zu analysieren oder zu beurteilen."""
"9,""30"",""Aktivitaet"",""Aktiv_sorg"",""Wie viel können Sie selber aktiv sein im Unterricht?"",""Wir werden darin unterstützt, uns mit Texten sorgfältig auseinanderzusetzen."""
"9,""31"",""Aktivitaet"",""Aktiv_eigen"",""Wie viel können Sie selber aktiv sein im Unterricht?"",""Im Unterricht gibt es für uns Schülerinnen und Schüler immer wieder Gelegenheiten, eigene Ideen zu realisieren."""
"10,""32"",""Reflexion"",""Ref_korr"",""Wie viel können Sie selber aktiv sein im Unterricht?"",""Unsere Lehrpersonen geben uns häufig Gelegenheit zur Selbstkontrolle des Gelernten."""
"10,""33"",""Reflexion"",""Ref_bericht"",""Wie viel können Sie selber aktiv sein im Unterricht?"",""Wir berichten im Unterricht häufig darüber, wie wir lernen (z.B. Prüfungen vorbereiten oder eine komplexe Aufgabenstellung bearbeiten)."""
"10,""34"",""Reflexion"",""Ref_bera"",""Wie viel können Sie selber aktiv sein im Unterricht?"",""Unsere Lehrpersonen führen häufig individuelle Lernberatungen mit uns durch (z.B. aufgrund von Lernplänen, Lernverträgen und / oder Lerntagebüchern)."""
"10,""35"",""Reflexion"",""Ref_beur"",""Wie viel können Sie selber aktiv sein im Unterricht?"",""Unsere Lehrpersonen weisen uns häufig an, unsere Arbeiten gegenseitig zu beurteilen."""
"11,""40"",""Bezlehrp"",""Blp_zeit"",""Wie verhalten sich Ihre Lehrpersonen Ihnen gegenüber?"",""Wenn wir mit unseren Lehrpersonen etwas bereden wollen, dann finden sie auch Zeit dazu."""
"11,""41"",""Bezlehrp"",""Blp_mein"",""Wie verhalten sich Ihre Lehrpersonen Ihnen gegenüber?"",""Bei uns dürfen Schülerinnen und Schüler ihre Meinung im Unterricht sagen, auch wenn diese von der Meinung der Lehrperson abweicht."""
"11,""42"",""Bezlehrp"",""Blp_hilft"",""Wie verhalten sich Ihre Lehrpersonen Ihnen gegenüber?"",""Wenn ich eine Lehrperson um Unterstützung bitte, hilft sie mir. """
"11,""43"",""Bezlehrp"",""Blp_korr"",""Wie verhalten sich Ihre Lehrpersonen Ihnen gegenüber?"",""Ich fühle mich von den Lehrpersonen respektvoll behandelt."""
"12,""44"",""Bezlernende"",""Bll_helf"",""Wie erleben Sie das Klima in Ihrer Klasse?"",""Die meisten Schülerinnen und Schüler in unserer Klasse helfen einander gegenseitig im Unterricht."""
"12,""45"",""Bezlernende"",""Bll_streit"",""Wie erleben Sie das Klima in Ihrer Klasse?"",""Es gibt unter den Schülerinnen und Schülern oft Streit."""
"12,""49"",""Bezlernende"",""Bll_ober"",""Wie erleben Sie das Klima in Ihrer Klasse?"",""Freundschaften zwischen den Schülerinnen und Schülern sind bei uns nur oberflächlich, letzten Endes arbeitet jeder gegen jeden. """
"12,""51"",""Bezlernende"",""Bll_freude"",""Wie erleben Sie das Klima in Ihrer Klasse?"",""Wenn jemand einen Fehler macht oder eine schlechte Leistung erbringt, freuen sich die anderen."""
"13,""53"",""Swirksam"",""Sw_kompl"",""Wie beurteilen Sie Ihr eigenes Lernverhalten?"",""Ich bin überzeugt, dass ich auch den kompliziertesten Stoff, den die Lehrperson vorstellt, verstehen kann."""
"13,""55"",""Swirksam"",""Sw_leist"",""Wie beurteilen Sie Ihr eigenes Lernverhalten?"",""Ich bin überzeugt, dass ich in Hausaufgaben und Prüfungen gute Leistungen erzielen kann."""
"13,""57"",""Swirksam"",""Sw_fert"",""Wie beurteilen Sie Ihr eigenes Lernverhalten?"",""Ich bin überzeugt, dass ich die Fertigkeiten, die gelehrt werden, beherrschen kann."""
"14,""62"",""Pkompetenz"",""Pk_schw"",""Wie beurteilen Sie Ihre personalen Kompetenzen?"",""Ich kenne meine eigenen Stärken und Schwächen."""
"14,""63"",""Pkompetenz"",""Pk_frag"",""Wie beurteilen Sie Ihre personalen Kompetenzen?"",""Ich frage nach, wenn ich etwas nicht verstehe."""
"14,""64"",""Pkompetenz"",""Pk_eigen"",""Wie beurteilen Sie Ihre personalen Kompetenzen?"",""Ich bearbeite Aufgaben eigenständig."""
"14,""65"",""Pkompetenz"",""Pk_time"",""Wie beurteilen Sie Ihre personalen Kompetenzen?"",""Meine Arbeiten für die Schule stelle ich jeweils rechtzeitig fertig. """
"14,""66"",""Pkompetenz"",""Pk_selbst"",""Wie beurteilen Sie Ihre personalen Kompetenzen?"",""Probleme löse ich selbstständig."""
"14,""67"",""Pkompetenz"",""Pk_idee"",""Wie beurteilen Sie Ihre personalen Kompetenzen?"",""Ich habe eigene Ideen, die ich auch umsetze."""
"14,""68"",""Pkompetenz"",""Pk_urteil"",""Wie beurteilen Sie Ihre personalen Kompetenzen?"",""Ich bin in der Lage eigenständig zu urteilen."""
"15,""69"",""Skompetenz"",""Sk_zusamm"",""Wie beurteilen Sie Ihre sozialen Kompetenzen?"",""Ich kann gut mit anderen zusammenarbeiten."""
"15,""70"",""Skompetenz"",""Sk_gruppe"",""Wie beurteilen Sie Ihre sozialen Kompetenzen?"",""In Gruppen kann ich Verantwortung übernehmen."""
"15,""71"",""Skompetenz"",""Sk_konfl"",""Wie beurteilen Sie Ihre sozialen Kompetenzen?"",""Ich gehe Konflikten nicht aus dem Weg, sondern versuche, diese zu klären und zu lösen."""
"15,""72"",""Skompetenz"",""Sk_kritik"",""Wie beurteilen Sie Ihre sozialen Kompetenzen?"",""Ich kann Kritik und Verbesserungsvorschläge annehmen."""
"15,""73"",""Skompetenz"",""Sk_achte"",""Wie beurteilen Sie Ihre sozialen Kompetenzen?"",""Ich achte andere Werte und Lebensweisen."""
"15,""74"",""Skompetenz"",""Sk_rueck"",""Wie beurteilen Sie Ihre sozialen Kompetenzen?"",""Ich nehme Rücksicht auf andere."""
"16,""75"",""Mkompetenz"",""Mk_plan"",""Wie beurteilen Sie Ihre methodischen Kompetenzen?"",""Ich überlege mir vorher, wie ich am besten etwas lerne oder bearbeite."""
"16,""76"",""Mkompetenz"",""Mk_ziel"",""Wie beurteilen Sie Ihre methodischen Kompetenzen?"",""Ich setze mir beim Lernen eigene Ziele."""
"16,""77"",""Mkompetenz"",""Mk_strate"",""Wie beurteilen Sie Ihre methodischen Kompetenzen?"",""Zum Lösen schwieriger Aufgaben / Probleme habe ich selber Strategien, die ich einsetzen kann."""
"16,""78"",""Mkompetenz"",""Mk_ueber"",""Wie beurteilen Sie Ihre methodischen Kompetenzen?"",""Während des Lernens überprüfe ich, ob ich es verstanden habe."""
"16,""79"",""Mkompetenz"",""Mk_wort"",""Wie beurteilen Sie Ihre methodischen Kompetenzen?"",""Ich kann Gelerntes mit eigenen Worten wiedergeben."""
"16,""80"",""Mkompetenz"",""Mk_info"",""Wie beurteilen Sie Ihre methodischen Kompetenzen?"",""Es fällt mir leicht, Informationen aus Medien (Bücher, Internet, etc.) zu entnehmen und zusammenzustellen."""
"16,""81"",""Mkompetenz"",""Mk_prae"",""Wie beurteilen Sie Ihre methodischen Kompetenzen?"",""Ich kann Arbeitsergebnisse verständlich und überzeugend vortragen."""
"17,""532"",""Pkompetenz_eba"",""Pk_schw_a"",""Haben Sie in der Zeit an Ihrer Schule in folgenden Bereichen dazu gelernt? Ich habe an der Schule gelernt, ..."",""... wo meine Stärken und Schwächen liegen."""
"17,""533"",""Pkompetenz_eba"",""Pk_eigen_a"",""Haben Sie in der Zeit an Ihrer Schule in folgenden Bereichen dazu gelernt? Ich habe an der Schule gelernt, ..."",""... selbständig zu arbeiten."""
"17,""534"",""Pkompetenz_eba"",""Pk_time_a"",""Haben Sie in der Zeit an Ihrer Schule in folgenden Bereichen dazu gelernt? Ich habe an der Schule gelernt, ..."",""... meine Arbeit rechtzeitig fertig zu stellen."""
"18,""536"",""Skompetenz_eba"",""Sk_zusamm_a"",""Haben Sie in der Zeit an Ihrer Schule in folgenden Bereichen dazu gelernt? Ich habe an der Schule gelernt, ..."",""... im Team zu arbeiten."""
"18,""538"",""Skompetenz_eba"",""Sk_konfl_a"",""Haben Sie in der Zeit an Ihrer Schule in folgenden Bereichen dazu gelernt? Ich habe an der Schule gelernt, ..."",""... mit Konflikten umzugehen."""
"18,""539"",""Skompetenz_eba"",""Sk_kritik_a"",""Haben Sie in der Zeit an Ihrer Schule in folgenden Bereichen dazu gelernt? Ich habe an der Schule gelernt, ..."",""... mit Kritik und Verbesserungsvorschlägen umzugehen."""
"19,""527"",""Anstreng_bms_efz"",""Anst_voll_a"",""Wie beurteilen Sie Ihr eigenes Lernverhalten?"",""Ich bin in der Schule voll bei der Sache."""
"19,""528"",""Anstreng_bms_efz"",""Anst_sehr_a"",""Wie beurteilen Sie Ihr eigenes Lernverhalten?"",""Ich strenge mich in der Schule an."""
"19,""529"",""Anstreng_bms_efz"",""Anst_schwierig_a"",""Wie beurteilen Sie Ihr eigenes Lernverhalten?"",""Ich arbeite auch dann weiter, wenn der Unterrichtsstoff schwierig ist. """
"20,""502"",""Unterstlp_bms_efz"",""Unt_fort_a"",""Werden Sie von Ihren Lehrpersonen beim Lernen unterstützt?"",""Meine Lehrpersonen interessieren sich für meinen Lernfortschritt."""
"20,""503"",""Unterstlp_bms_efz"",""Unt_lernen_a"",""Werden Sie von Ihren Lehrpersonen beim Lernen unterstützt?"",""Meine Lehrpersonen unterstützen mich beim Lernen (z. B. dabei, wie man etwas lernt oder wo man Informationen bekommt)."""
"20,""504"",""Unterstlp_bms_efz"",""Unt_helfen_a"",""Werden Sie von Ihren Lehrpersonen beim Lernen unterstützt?"",""Meine Lehrpersonen helfen mir, wenn ich etwas nicht verstehe."""
"21,""8"",""Organisation_bms_efz"",""Org_gut"",""Wie gut ist Ihre Schule organisiert? "",""Die Schule ist insgesamt gut organisiert."""
"21,""485"",""Organisation_bms_efz"",""Org_info_a"",""Wie gut ist Ihre Schule organisiert? "",""Ich erhalte wichtige Informationen zu Anlässen oder Änderungen rechtzeitig."""
"21,""486"",""Organisation_bms_efz"",""Org_inet_a"",""Wie gut ist Ihre Schule organisiert? "",""Ich finde die wichtigen Informationen im Internet- und Intranetauftritt der Schule."""
"21,""487"",""Organisation_bms_efz"",""Org_anl_a"",""Wie gut ist Ihre Schule organisiert? "",""Ich weiss, an wen ich mich bei Anliegen und Problemen wenden kann."""
"22,""491"",""Klima_bms_efz"",""Klima_ernst_a"",""Wie beurteilen Sie das Klima an Ihrer Schule? An unserer Schule..."",""... werden wir ernst genommen."""
"22,""492"",""Klima_bms_efz"",""Klima_kuem_a"",""Wie beurteilen Sie das Klima an Ihrer Schule? An unserer Schule..."",""... kümmert man sich darum, wie es uns geht."""
"22,""493"",""Klima_bms_efz"",""Klima_resp_a"",""Wie beurteilen Sie das Klima an Ihrer Schule? An unserer Schule..."",""... wird ein respektvoller Umgang miteinander gepflegt."""
"22,""494"",""Klima_bms_efz"",""Klima_ansp_a"",""Wie beurteilen Sie das Klima an Ihrer Schule? An unserer Schule..."",""... stehen uns bei Problemen Ansprechpersonen zur Verfügung, mit denen wir uns besprechen können."""
"22,""495"",""Klima_bms_efz"",""Klima_sl_a"",""Wie beurteilen Sie das Klima an Ihrer Schule? An unserer Schule..."",""... werden unsere Vorschläge und Rückmeldungen angehört."""
"23,""515"",""Bezlehrp_bms_efz"",""Blp_zeit_a"",""Wie verhalten sich Ihre Lehrpersonen Ihnen gegenüber?"",""Wenn ich mit einer Lehrperson über etwas reden will, dann findet sie Zeit dazu."""
"23,""516"",""Bezlehrp_bms_efz"",""Blp_mein_a"",""Wie verhalten sich Ihre Lehrpersonen Ihnen gegenüber?"",""Ich darf einer Lehrperson meine Meinung sagen, auch wenn sie von der Meinung der Lehrperson abweicht."""
"23,""517"",""Bezlehrp_bms_efz"",""Blp_korr_a"",""Wie verhalten sich Ihre Lehrpersonen Ihnen gegenüber?"",""Ich fühle mich von unseren Lehrpersonen respektvoll behandelt."""
"24,""532"",""Pkompetenz_bms_efz"",""Pk_schw_a"",""Haben Sie in der Zeit an Ihrer Schule in folgenden Bereichen dazu gelernt? Ich habe an der Schule gelernt, ..."",""... wo meine Stärken und Schwächen liegen."""
"24,""533"",""Pkompetenz_bms_efz"",""Pk_eigen_a"",""Haben Sie in der Zeit an Ihrer Schule in folgenden Bereichen dazu gelernt? Ich habe an der Schule gelernt, ..."",""... selbständig zu arbeiten."""
"24,""534"",""Pkompetenz_bms_efz"",""Pk_time_a"",""Haben Sie in der Zeit an Ihrer Schule in folgenden Bereichen dazu gelernt? Ich habe an der Schule gelernt, ..."",""... meine Arbeit rechtzeitig fertig zu stellen."""
"24,""535"",""Pkompetenz_bms_efz"",""Pk_selbst_a"",""Haben Sie in der Zeit an Ihrer Schule in folgenden Bereichen dazu gelernt? Ich habe an der Schule gelernt, ..."",""... Probleme selbständig zu lösen."""
"25,""536"",""Skompetenz_bms_efz"",""Sk_zusamm_a"",""Haben Sie in der Zeit an Ihrer Schule in folgenden Bereichen dazu gelernt? Ich habe an der Schule gelernt, ..."",""... im Team zu arbeiten."""
"25,""537"",""Skompetenz_bms_efz"",""Sk_gruppe_a"",""Haben Sie in der Zeit an Ihrer Schule in folgenden Bereichen dazu gelernt? Ich habe an der Schule gelernt, ..."",""... in einer Gruppe Verantwortung zu übernehmen."""
"25,""538"",""Skompetenz_bms_efz"",""Sk_konfl_a"",""Haben Sie in der Zeit an Ihrer Schule in folgenden Bereichen dazu gelernt? Ich habe an der Schule gelernt, ..."",""... mit Konflikten umzugehen."""
"25,""539"",""Skompetenz_bms_efz"",""Sk_kritik_a"",""Haben Sie in der Zeit an Ihrer Schule in folgenden Bereichen dazu gelernt? Ich habe an der Schule gelernt, ..."",""... mit Kritik und Verbesserungsvorschlägen umzugehen."""
"25,""540"",""Skompetenz_bms_efz"",""Sk_rueck_a"",""Haben Sie in der Zeit an Ihrer Schule in folgenden Bereichen dazu gelernt? Ich habe an der Schule gelernt, ..."",""... auf Andere Rücksicht zu nehmen."""
"26,""541"",""Mkompetenz_bms_efz"",""Mk_eff_a"",""Haben Sie in der Zeit an Ihrer Schule in folgenden Bereichen dazu gelernt? Ich habe an der Schule gelernt, ..."",""... schnell und sorgfältig zu arbeiten"""
"26,""542"",""Mkompetenz_bms_efz"",""Mk_ziel_a"",""Haben Sie in der Zeit an Ihrer Schule in folgenden Bereichen dazu gelernt? Ich habe an der Schule gelernt, ..."",""... mir Ziele zu setzen, die ich erreichen kann."""
"26,""543"",""Mkompetenz_bms_efz"",""MK_zusam_a"",""Haben Sie in der Zeit an Ihrer Schule in folgenden Bereichen dazu gelernt? Ich habe an der Schule gelernt, ..."",""... Zusammenhänge zu verstehen."""
"26,""544"",""Mkompetenz_bms_efz"",""Mk_info_a"",""Haben Sie in der Zeit an Ihrer Schule in folgenden Bereichen dazu gelernt? Ich habe an der Schule gelernt, ..."",""... nötige Informationen zu beschaffen."""
"27,""664"",""TisVerwendung"",""tis_verw_erkl"",""Wie werden digitalen Medien (z.B. Notebooks, Tablets, Smartphones) im Unterricht verwendet?"",""... um etwas gezeigt oder erklärt zu bekommen (z.B. mit Präsentationen, Lernvideos, Wikipedia)"""
"27,""665"",""TisVerwendung"",""tis_verw_lern"",""Wie werden digitalen Medien (z.B. Notebooks, Tablets, Smartphones) im Unterricht verwendet?"",""... um Gelerntes zu üben und anzuwenden (z.B. Lernaufgaben, Lernsoftware)"""
"27,""666"",""TisVerwendung"",""tis_verw_prod"",""Wie werden digitalen Medien (z.B. Notebooks, Tablets, Smartphones) im Unterricht verwendet?"",""... um eigene Produkte herzustellen (z.B. Texte, Tabellen, Bilder, Videos, Programmierung)"""
"27,""667"",""TisVerwendung"",""tis_verw_disk"",""Wie werden digitalen Medien (z.B. Notebooks, Tablets, Smartphones) im Unterricht verwendet?"",""... für Gruppenarbeiten und Diskussionen (z.B. Chats, Online-Foren, Videokonferenzen, Dokumente gemeinsam bearbeiten)"""
"27,""668"",""TisVerwendung"",""tis_verw_plan"",""Wie werden digitalen Medien (z.B. Notebooks, Tablets, Smartphones) im Unterricht verwendet?"",""... um für die Schule zu planen und zu organisieren (z.B. mit Kalender, Lernplattform, Moodle, Teams)"""
"27,""669"",""TisVerwendung"",""tis_verw_kont"",""Wie werden digitalen Medien (z.B. Notebooks, Tablets, Smartphones) im Unterricht verwendet?"",""... für Lernkontrollen und Prüfungen (z.B. Selbsttests, Quiz, Online-Prüfungen)"""
"28,""670"",""TisLernen"",""tis_lern_zweck"",""Wie viel haben Sie in der Schule über den Umgang mit digitalen Medien gelernt?"",""... wie ich digitale Medien für private Zwecke nutze."""
"28,""671"",""TisLernen"",""tis_lern_schul"",""Wie viel haben Sie in der Schule über den Umgang mit digitalen Medien gelernt?"",""... wie ich digitale Medien für schulische Aufträge nutze."""
"28,""672"",""TisLernen"",""tis_lern_selbst"",""Wie viel haben Sie in der Schule über den Umgang mit digitalen Medien gelernt?"",""... wie ich digitale Medien nutze, um selbstständig zu lernen."""
"28,""673"",""TisLernen"",""tis_lern_gefahr"",""Wie viel haben Sie in der Schule über den Umgang mit digitalen Medien gelernt?"",""... wie ich Auswirkungen und Gefahren digitaler Medien erkenne."""
"28,""674"",""TisLernen"",""tis_lern_tools"",""Wie viel haben Sie in der Schule über den Umgang mit digitalen Medien gelernt?"",""... wie digitale Tools technisch funktionieren (Informatik, Programmierung)"""
"29,""675"",""TisUnterricht"",""tis_unt_lern"",""Wie nützlich sind für Sie digitale Medien im Unterricht?"",""... ich im Unterricht besser lernen kann."""
"29,""676"",""TisUnterricht"",""tis_unt_span"",""Wie nützlich sind für Sie digitale Medien im Unterricht?"",""... der Unterricht interessanter wird."""
"29,""677"",""TisUnterricht"",""tis_unt_eff"",""Wie nützlich sind für Sie digitale Medien im Unterricht?"",""... ich vieles für die Schule effizienter erledigen kann."""
"30,""678"",""TisVoraussetzung"",""tis_vorr_soft"",""Wie beurteilen Sie die Voraussetzungen zur Nutzung von digitalen Medien an Ihrer Schule?"",""Von der Schule zur Verfügung gestellte Software und Plattformen"""
"30,""679"",""TisVoraussetzung"",""tis_vorr_inter"",""Wie beurteilen Sie die Voraussetzungen zur Nutzung von digitalen Medien an Ihrer Schule?"",""Internetzugang in der Schule"""
"30,""680"",""TisVoraussetzung"",""tis_vorr_unterstlp"",""Wie beurteilen Sie die Voraussetzungen zur Nutzung von digitalen Medien an Ihrer Schule?"",""Unterstützung durch meine Lehrpersonen"""
"30,""681"",""TisVoraussetzung"",""tis_vorr_support"",""Wie beurteilen Sie die Voraussetzungen zur Nutzung von digitalen Medien an Ihrer Schule?"",""Unterstützung durch unseren IT-Support"""
"30,""682"",""TisVoraussetzung"",""tis_vorr_eltern"",""Wie beurteilen Sie die Voraussetzungen zur Nutzung von digitalen Medien an Ihrer Schule?"",""Unterstützung durch meine Eltern"""
"30,""683"",""TisVoraussetzung"",""tis_vorr_andere"",""Wie beurteilen Sie die Voraussetzungen zur Nutzung von digitalen Medien an Ihrer Schule?"",""Unterstützung durch andere Schülerinnen und Schüler"""
"31,""684"",""TisLehrperson"",""tis_lehrp_pos"",""Wie gehen Ihre Lehrpersonen mit digitalen Medien um?"",""... sind digitalen Medien gegenüber positiv eingestellt."""
"31,""685"",""TisLehrperson"",""tis_lehrp_umge"",""Wie gehen Ihre Lehrpersonen mit digitalen Medien um?"",""... können mit digitalen Medien gut umgehen."""
"31,""686"",""TisLehrperson"",""tis_lehrp_faecher"",""Wie gehen Ihre Lehrpersonen mit digitalen Medien um?"",""... setzen digitale Medien in ihren Fächern passend ein."""
"31,""687"",""TisLehrperson"",""tis_lehrp_bera"",""Wie gehen Ihre Lehrpersonen mit digitalen Medien um?"",""... können uns beim Lernen mit digitalen Medien gut beraten."""
"31,""688"",""TisLehrperson"",""tis_lehrp_konz"",""Wie gehen Ihre Lehrpersonen mit digitalen Medien um?"",""... setzen digitale Medien so ein, dass wir konzentriert mitarbeiten. """
"NULL,""1"",NULL,""Zufr_schule"",""%s<title_p1_g1>"",""... Ihrer Schule?"""
"NULL,""2"",NULL,""Zufr_lehrm"",""%s<title_p1_g1>"",""... den zur Verfügung stehenden Lehrmitteln (Bücher, Kopien, Lern-Software etc.)?"""
"NULL,""3"",NULL,""Zufr_gelernt"",""%s<title_p1_g1>"",""... dem, was Sie an der Schule gelernt haben? """
"NULL,""4"",NULL,""Zufr_lehrp"",""%s<title_p1_g1>"",""... Ihren Lehrpersonen?"""
"NULL,""5"",NULL,""Zufr_plan"",""%s<title_p1_g1>"",""... Ihren Stundenplänen?"""
"NULL,""6"",NULL,""Zufr_unter"",""%s<title_p1_g1>"",""... dem Unterricht?"""
"NULL,""7"",NULL,""Zufr_fuehr"",""%s<title_p1_g1>"",""... der Schulführung (Schulleitung / Rektorat etc.)?"""
"NULL,""59"",NULL,""Sozumfeld"",""%s<title_p11_g2>"",""Mein Umfeld (Eltern, Geschwister, Freunde, etc.) unterstützt mich falls nötig beim Lernen."""
"NULL,""60"",NULL,""Zeitbelast"",""Wie sieht die zeitliche Belastung durch die Schule (Hausaufgaben und Unterricht) aus? Ist sie angemessen?"","
"NULL,""61"",NULL,""Ueberford"",""Fühlen Sie sich in der Schule angemessen gefordert?"","
"NULL,""82"",NULL,""Itkompetenz"",""Wie beurteilen Sie Ihre methodischen Kompetenzen?"",""Ich kann gut mit IT-Anwendungen (Word, Excel, Internet- und E-Mailprogramme etc.) umgehen."""
"NULL,""83"",NULL,""Lern_de"",""Sind Sie der Meinung, in den von Ihnen belegten Fächern viel gelernt zu haben?"",""Deutsch"""
"NULL,""84"",NULL,""Lern_fr"",""Sind Sie der Meinung, in den von Ihnen belegten Fächern viel gelernt zu haben?"",""Französisch"""
"NULL,""85"",NULL,""Lern_eng"",""Sind Sie der Meinung, in den von Ihnen belegten Fächern viel gelernt zu haben?"",""Englisch"""
"NULL,""86"",NULL,""Lern_it"",""Sind Sie der Meinung, in den von Ihnen belegten Fächern viel gelernt zu haben?"",""Italienisch"""
"NULL,""87"",NULL,""Lern_es"",""Sind Sie der Meinung, in den von Ihnen belegten Fächern viel gelernt zu haben?"",""Spanisch"""
"NULL,""88"",NULL,""Lern_ru"",""Sind Sie der Meinung, in den von Ihnen belegten Fächern viel gelernt zu haben?"",""Russisch"""
"NULL,""89"",NULL,""Lern_lat"",""Sind Sie der Meinung, in den von Ihnen belegten Fächern viel gelernt zu haben?"",""Latein"""
"NULL,""90"",NULL,""Lern_grie"",""Sind Sie der Meinung, in den von Ihnen belegten Fächern viel gelernt zu haben?"",""Griechisch"""
"NULL,""91"",NULL,""Lern_math"",""Sind Sie der Meinung, in den von Ihnen belegten Fächern viel gelernt zu haben?"",""Mathematik"""
"NULL,""92"",NULL,""Lern_bio"",""Sind Sie der Meinung, in den von Ihnen belegten Fächern viel gelernt zu haben?"",""Biologie (oder Kombination Biologie-Sport)"""
"NULL,""93"",NULL,""Lern_phy"",""Sind Sie der Meinung, in den von Ihnen belegten Fächern viel gelernt zu haben?"",""Physik"""
"NULL,""94"",NULL,""Lern_chem"",""Sind Sie der Meinung, in den von Ihnen belegten Fächern viel gelernt zu haben?"",""Chemie"""
"NULL,""95"",NULL,""Lern_biche"",""Sind Sie der Meinung, in den von Ihnen belegten Fächern viel gelernt zu haben?"",""Biologie und Chemie (in Kombination als Schwerpunktfach)"""
"NULL,""96"",NULL,""Lern_phyam"",""Sind Sie der Meinung, in den von Ihnen belegten Fächern viel gelernt zu haben?"",""Physik und Anwendungen der Mathematik (in Kombination als Schwerpunktfach)"""
"NULL,""97"",NULL,""Lern_am"",""Sind Sie der Meinung, in den von Ihnen belegten Fächern viel gelernt zu haben?"",""Anwendungen der Mathematik"""
"NULL,""98"",NULL,""Lern_ict"",""Sind Sie der Meinung, in den von Ihnen belegten Fächern viel gelernt zu haben?"",""Informations- und Kommunikationstechnologien (Informatik)"""
"NULL,""99"",NULL,""Lern_wur"",""Sind Sie der Meinung, in den von Ihnen belegten Fächern viel gelernt zu haben?"",""Wirtschaft und Recht"""
"NULL,""100"",NULL,""Lern_gesch"",""Sind Sie der Meinung, in den von Ihnen belegten Fächern viel gelernt zu haben?"",""Geschichte / Staatslehre / Politik"""
"NULL,""101"",NULL,""Lern_geo"",""Sind Sie der Meinung, in den von Ihnen belegten Fächern viel gelernt zu haben?"",""Geografie (auch in Kombination Geografie-Physik oder Geografie-Bildnerisches Gestalten)"""
"NULL,""102"",NULL,""Lern_ppp"",""Sind Sie der Meinung, in den von Ihnen belegten Fächern viel gelernt zu haben?"",""Philosophie / Pädagogik / Psychologie  (in Kombination als Schwerpunktfach) """
"NULL,""103"",NULL,""Lern_phil"",""Sind Sie der Meinung, in den von Ihnen belegten Fächern viel gelernt zu haben?"",""Philosophie (auch in Kombination Philosophie-Religion oder Philosophie-Deutsch)"""
"NULL,""104"",NULL,""Lern_paepsy"",""Sind Sie der Meinung, in den von Ihnen belegten Fächern viel gelernt zu haben?"",""Pädagogik / Psychologie"""
"NULL,""105"",NULL,""Lern_reli"",""Sind Sie der Meinung, in den von Ihnen belegten Fächern viel gelernt zu haben?"",""Religionslehre / Religion und Ethik"""
"NULL,""106"",NULL,""Lern_bg"",""Sind Sie der Meinung, in den von Ihnen belegten Fächern viel gelernt zu haben?"",""Bildnerisches Gestalten / Gestaltung"""
"NULL,""107"",NULL,""Lern_mus"",""Sind Sie der Meinung, in den von Ihnen belegten Fächern viel gelernt zu haben?"",""Musik"""
"NULL,""108"",NULL,""Lern_sport"",""Sind Sie der Meinung, in den von Ihnen belegten Fächern viel gelernt zu haben?"",""Sport"""
"NULL,""112"",NULL,""Lern_fur"",""Sind Sie der Meinung, in den von Ihnen belegten Fächern viel gelernt zu haben?"",""Finanz- und Rechnungswesen"""
"NULL,""113"",NULL,""Lern_gkk"",""Sind Sie der Meinung, in den von Ihnen belegten Fächern viel gelernt zu haben?"",""Gestaltung, Kunst, Kultur"""
"NULL,""114"",NULL,""Lern_iuk"",""Sind Sie der Meinung, in den von Ihnen belegten Fächern viel gelernt zu haben?"",""Information und Kommunikation"""
"NULL,""115"",NULL,""Lern_nat"",""Sind Sie der Meinung, in den von Ihnen belegten Fächern viel gelernt zu haben?"",""Naturwissenschaften"""
"NULL,""116"",NULL,""Lern_oek"",""Sind Sie der Meinung, in den von Ihnen belegten Fächern viel gelernt zu haben?"",""Biologie / Ökologie"""
"NULL,""117"",NULL,""Lern_soz"",""Sind Sie der Meinung, in den von Ihnen belegten Fächern viel gelernt zu haben?"",""Sozialwissenschaften"""
"NULL,""118"",NULL,""Lern_tuu"",""Sind Sie der Meinung, in den von Ihnen belegten Fächern viel gelernt zu haben?"",""Technik und Umwelt"""
"NULL,""119"",NULL,""Lern_wug"",""Sind Sie der Meinung, in den von Ihnen belegten Fächern viel gelernt zu haben?"",""Wirtschaft und Gesellschaft"""
"NULL,""120"",NULL,""Lern_vbr"",""Sind Sie der Meinung, in den von Ihnen belegten Fächern viel gelernt zu haben?"",""Volkswirtschaft / Betriebswirtschaft / Recht"""
"NULL,""121"",NULL,""Lern_ika"",""Sind Sie der Meinung, in den von Ihnen belegten Fächern viel gelernt zu haben?"",""Information / Kommunikation / Administration"""
"NULL,""122"",NULL,""Zukunft"",""%s<title_p14_g1>"","
"NULL,""123"",NULL,""Wert_auss"",""%s<title_p15_g1>"",""Ich kann das in der Schule Gelernte auch ausserhalb der Schule nutzen."""
"NULL,""124"",NULL,""Wert_insgym"",""%s<title_p15_g1>"",""Ich fühle mich mit dem Abschluss an dieser Schule [span=underline]insgesamt gut vorbereitet[/span] auf ein / mein zukünftiges Studium."""
"NULL,""125"",NULL,""Wert_fachgym"",""%s<title_p15_g1>"",""Ich fühle mich mit dem Abschluss an dieser Schule [span=underline]in fachlicher Hinsicht gut vorbereitet[/span] auf ein / mein zukünftiges Studium."""
"NULL,""126"",NULL,""Wert_pergym"",""%s<title_p15_g1>"",""Ich fühle mich mit dem Abschluss an dieser Schule [span=underline]in persönlichkeitsbildender Hinsicht gut vorbereitet[/span] auf ein / mein zukünftiges Studium."""
"NULL,""127"",NULL,""Wert_matur"",""%s<title_p15_g1>"",""Ich glaube, dass der Matura-Abschluss mir eine genügend breite Basis für ein Hochschulstudium in allen Fachrichtungen bietet."""
"NULL,""131"",NULL,""Wert_insmit"",""%s<title_p15_g1>"",""Ich fühle mich mit dem Abschluss an dieser Schule [span=underline]insgesamt gut vorbereitet[/span] auf meine zukünftige berufliche Tätigkeit, mein zukünftiges Studium oder allfällige weiterführende Schulen."""
"NULL,""132"",NULL,""Wert_fachmit"",""%s<title_p15_g1>"",""Ich fühle mich mit dem Abschluss an dieser Schule [span=underline]in fachlicher Hinsicht gut vorbereitet[/span] auf meine zukünftige berufliche Tätigkeit, mein zukünftiges Studium oder allfällige weiterführende Schulen."""
"NULL,""133"",NULL,""Wert_permit"",""%s<title_p15_g1>"",""Ich fühle mich mit dem Abschluss an dieser Schule [span=underline]in persönlichkeitsbildender Hinsicht gut vorbereitet[/span] auf meine zukünftige berufliche Tätigkeit, mein zukünftiges Studium oder allfällige weiterführende Schulen."""
"NULL,""134"",NULL,""Rueckschul"",""Sie haben jetzt Gelegenheit, über die von uns gefragten Punkte hinaus etwas über Ihre Schulausbildung mitzuteilen. Was haben Sie vermisst, was sollte geändert werden, was war besonders gut, was war besonders hilfreich etc.? "","
"NULL,""134"",NULL,""Rueckschul"",""Gibt es etwas, das Sie der Schulleitung oder den Lehrpersonen sonst noch mitteilen möchten?"","
"NULL,""135"",NULL,""Lgkg"",""Ab welcher Klasse habe Sie das Gymnasium besucht?"","
"NULL,""135"",NULL,""Lgkg"",""Ab welcher Klasse haben Sie das Gymnasium besucht?"","
"NULL,""136"",NULL,""Ausbild_"",""Welche Art der Ausbildung absolvieren Sie?"","
"NULL,""137"",NULL,""Sex"",""Ihr Geschlecht"",""Falls Ihr Geschlecht nicht in der Auswahl aufgeführt ist, wählen Sie bitte """"keine Antwort""""."""
"NULL,""138"",NULL,""Geburtstag"",""Ihr Geburtsdatum (dd.mm.yyyy)"",""Möchten Sie genauer wissen, weshalb wir Sie nach Geschlecht, Geburtsdatum, Staatsangehörigkeit und Muttersprache fragen? Hier erfahren Sie mehr: [a,target=_blank,href=https://www.zemces.ch/de/evaluationen-und-befragungen/datenschutz]Webseite ZEM CES[/a]"""
"NULL,""139"",NULL,""nat"",""Ihre Staatsangehörigkeit? Falls Sie Doppelbürger sind, geben Sie bitte beide Nationalitäten an."","
"NULL,""139"",NULL,""nat"",""Was ist Ihre Staatsangehörigkeit? Falls Sie Doppelbürgerin oder Doppelbürger sind, geben Sie bitte beide Nationalitäten an."","
"NULL,""140"",NULL,""sprach"",""Welche Sprache haben Sie in Ihrer Familie zuerst gelernt (Muttersprache)? Wenn Sie zweisprachig sind, kreuzen Sie bitte 2 Felder an."","
"NULL,""142"",NULL,""Rueckfb"",""Möchten Sie uns noch etwas zum Fragebogen mitteilen?"","
"NULL,""143"",NULL,""Taetigkeit"",""Was ist zurzeit Ihre Haupttätigkeit?"","
"NULL,""144"",NULL,""Uni_"",""In welchen Fachbereich fällt Ihr Hauptstudienfach? (Mehrfachnennungen möglich, sofern mehrere Fächer als Hauptstudienfächer gelten)"","
"NULL,""145"",NULL,""Fh_"",""In welchen Fachbereich fällt Ihr Hauptstudienfach? (Mehrfachnennungen möglich, sofern mehrere Fächer als Hauptstudienfächer gelten)"","
"NULL,""146"",NULL,""Hbfach"",""In welchem Bereich absolvieren Sie die höhere Fachausbildung bzw. besuchen Sie einen Lehrgang an einer höheren Fachschule?"","
"NULL,""147"",NULL,""Agrund_"",""Wieso haben Sie sich für Ihre jetzige Ausbildung entschieden? (Mehrfachnennung möglich)"","
"NULL,""148"",NULL,""Berfeld"",""In welchem Berufsfeld sind Sie tätig oder werden Sie ausgebildet?"","
"NULL,""149"",NULL,""Tgrund_"",""Wieso haben Sie sich für Ihre jetzige Tätigkeit/Ausbildung entschieden? (Mehrfachnennungen möglich)"","
"NULL,""150"",NULL,""Beginn"",""Wann haben Sie mit Ihrer momentanen Ausbildung/Tätigkeit begonnen?"","
"NULL,""151"",NULL,""Zwta_"",""Was haben Sie in der Zeit zwischen dem Schulabschluss und der momentanen Ausbildung/Tätigkeit gemacht? (Mehrfachnennungen möglich)"","
"NULL,""153"",NULL,""Abbruch"",""Haben Sie seit dem Schulabschluss eine auf längere Frist geplante Ausbildung/Tätigkeit abgebrochen (z.B. Studium / Praktikum abgebrochen, aufgehört zu arbeiten im erlernten Beruf, Studienfach gewechselt)?"","
"NULL,""154"",NULL,""Abb_"",""Welche Aussage trifft auf Sie zu? (Mehrfachnennungen möglich) Ich habe ..."","
"NULL,""155"",NULL,""Agru_"",""Was waren die Gründe für den Studienfachwechsel bzw. für den Abbruch der Ausbildung/Tätigkeit? (Mehrfachnennungen möglich)"","
"NULL,""156"",NULL,""Zufrieden"",""Wie zufrieden sind Sie rückblickend insgesamt mit der Qualität Ihrer Ausbildung %s<school_type_local>?"",""Zufriedenheit insgesamt"""
"NULL,""157"",NULL,""Vorb_fach"",""Wie gut hat Sie %s<school_type_nominativ> auf Ihre jetzige Ausbildung/Tätigkeit vorbereitet"",""In fachlicher Hinsicht"""
"NULL,""158"",NULL,""Vorb_selbst"",""Wie gut hat Sie %s<school_type_nominativ> auf Ihre jetzige Ausbildung/Tätigkeit vorbereitet"",""In Bezug auf selbstständiges Arbeiten"""
"NULL,""159"",NULL,""Vorb_pers"",""Wie gut hat Sie %s<school_type_nominativ> auf Ihre jetzige Ausbildung/Tätigkeit vorbereitet"",""In persönlichkeitsbildender Hinsicht"""
"NULL,""160"",NULL,""Laufbahnu"",""Wie gut hat Sie Ihre Schule in Ihrer Laufbahnplanung unterstützt?"",""Aus heutiger Sicht hat mich meine Schule gut bei der Studienwahl bzw. Laufbahnplanung unterstützt."""
"NULL,""161"",NULL,""Stand_de"",""Wie schätzen Sie Ihren Ausbildungsstand zum Zeitpunkt %s<school_type_end> aus heutiger Sicht in den von Ihnen belegten Fächern ein? "",""Deutsch"""
"NULL,""162"",NULL,""Stand_fr"",""Wie schätzen Sie Ihren Ausbildungsstand zum Zeitpunkt %s<school_type_end> aus heutiger Sicht in den von Ihnen belegten Fächern ein? "",""Französisch"""
"NULL,""163"",NULL,""Stand_eng"",""Wie schätzen Sie Ihren Ausbildungsstand zum Zeitpunkt %s<school_type_end> aus heutiger Sicht in den von Ihnen belegten Fächern ein? "",""Englisch"""
"NULL,""164"",NULL,""Stand_it"",""Wie schätzen Sie Ihren Ausbildungsstand zum Zeitpunkt %s<school_type_end> aus heutiger Sicht in den von Ihnen belegten Fächern ein? "",""Italienisch"""
"NULL,""165"",NULL,""Stand_es"",""Wie schätzen Sie Ihren Ausbildungsstand zum Zeitpunkt %s<school_type_end> aus heutiger Sicht in den von Ihnen belegten Fächern ein? "",""Spanisch"""
"NULL,""166"",NULL,""Stand_ru"",""Wie schätzen Sie Ihren Ausbildungsstand zum Zeitpunkt %s<school_type_end> aus heutiger Sicht in den von Ihnen belegten Fächern ein? "",""Russisch"""
"NULL,""167"",NULL,""Stand_lat"",""Wie schätzen Sie Ihren Ausbildungsstand zum Zeitpunkt %s<school_type_end> aus heutiger Sicht in den von Ihnen belegten Fächern ein? "",""Latein"""
"NULL,""168"",NULL,""Stand_grie"",""Wie schätzen Sie Ihren Ausbildungsstand zum Zeitpunkt %s<school_type_end> aus heutiger Sicht in den von Ihnen belegten Fächern ein? "",""Griechisch"""
"NULL,""169"",NULL,""Stand_math"",""Wie schätzen Sie Ihren Ausbildungsstand zum Zeitpunkt %s<school_type_end> aus heutiger Sicht in den von Ihnen belegten Fächern ein? "",""Mathematik"""
"NULL,""170"",NULL,""Stand_bio"",""Wie schätzen Sie Ihren Ausbildungsstand zum Zeitpunkt %s<school_type_end> aus heutiger Sicht in den von Ihnen belegten Fächern ein? "",""Biologie"""
"NULL,""171"",NULL,""Stand_phy"",""Wie schätzen Sie Ihren Ausbildungsstand zum Zeitpunkt %s<school_type_end> aus heutiger Sicht in den von Ihnen belegten Fächern ein? "",""Physik"""
"NULL,""172"",NULL,""Stand_chem"",""Wie schätzen Sie Ihren Ausbildungsstand zum Zeitpunkt %s<school_type_end> aus heutiger Sicht in den von Ihnen belegten Fächern ein? "",""Chemie"""
"NULL,""173"",NULL,""Stand_biche"",""Wie schätzen Sie Ihren Ausbildungsstand zum Zeitpunkt %s<school_type_end> aus heutiger Sicht in den von Ihnen belegten Fächern ein? "",""Biologie und Chemie (in Kombination als Schwerpunktfach)"""
"NULL,""174"",NULL,""Stand_phyam"",""Wie schätzen Sie Ihren Ausbildungsstand zum Zeitpunkt %s<school_type_end> aus heutiger Sicht in den von Ihnen belegten Fächern ein? "",""Physik und Anwendungen der Mathematik (in Kombination als Schwerpunktfach)"""
"NULL,""175"",NULL,""Stand_am"",""Wie schätzen Sie Ihren Ausbildungsstand zum Zeitpunkt %s<school_type_end> aus heutiger Sicht in den von Ihnen belegten Fächern ein? "",""Anwendungen der Mathematik"""
"NULL,""176"",NULL,""Stand_ict"",""Wie schätzen Sie Ihren Ausbildungsstand zum Zeitpunkt %s<school_type_end> aus heutiger Sicht in den von Ihnen belegten Fächern ein? "",""Informations- und Kommunikationstechnologien (Informatik)"""
"NULL,""177"",NULL,""Stand_wur"",""Wie schätzen Sie Ihren Ausbildungsstand zum Zeitpunkt %s<school_type_end> aus heutiger Sicht in den von Ihnen belegten Fächern ein? "",""Wirtschaft und Recht"""
"NULL,""178"",NULL,""Stand_gesch"",""Wie schätzen Sie Ihren Ausbildungsstand zum Zeitpunkt %s<school_type_end> aus heutiger Sicht in den von Ihnen belegten Fächern ein? "",""Geschichte / Staatslehre / Politik"""
"NULL,""179"",NULL,""Stand_geo"",""Wie schätzen Sie Ihren Ausbildungsstand zum Zeitpunkt %s<school_type_end> aus heutiger Sicht in den von Ihnen belegten Fächern ein? "",""Geografie"""
"NULL,""180"",NULL,""Stand_ppp"",""Wie schätzen Sie Ihren Ausbildungsstand zum Zeitpunkt %s<school_type_end> aus heutiger Sicht in den von Ihnen belegten Fächern ein? "",""Philosophie / Pädagogik / Psychologie (in Kombination als Schwerpunktfach)"""
"NULL,""181"",NULL,""Stand_phil"",""Wie schätzen Sie Ihren Ausbildungsstand zum Zeitpunkt %s<school_type_end> aus heutiger Sicht in den von Ihnen belegten Fächern ein? "",""Philosophie"""
"NULL,""182"",NULL,""Stand_paepsy"",""Wie schätzen Sie Ihren Ausbildungsstand zum Zeitpunkt %s<school_type_end> aus heutiger Sicht in den von Ihnen belegten Fächern ein? "",""Pädagogik / Psychologie"""
"NULL,""183"",NULL,""Stand_reli"",""Wie schätzen Sie Ihren Ausbildungsstand zum Zeitpunkt %s<school_type_end> aus heutiger Sicht in den von Ihnen belegten Fächern ein? "",""Religionslehre / Religion und Ethik"""
"NULL,""184"",NULL,""Stand_bg"",""Wie schätzen Sie Ihren Ausbildungsstand zum Zeitpunkt %s<school_type_end> aus heutiger Sicht in den von Ihnen belegten Fächern ein? "",""Bildnerisches Gestalten / Gestaltung"""
"NULL,""185"",NULL,""Stand_mus"",""Wie schätzen Sie Ihren Ausbildungsstand zum Zeitpunkt %s<school_type_end> aus heutiger Sicht in den von Ihnen belegten Fächern ein? "",""Musik"""
"NULL,""186"",NULL,""Stand_sport"",""Wie schätzen Sie Ihren Ausbildungsstand zum Zeitpunkt %s<school_type_end> aus heutiger Sicht in den von Ihnen belegten Fächern ein? "",""Sport"""
"NULL,""187"",NULL,""Stand_abu"",""Wie schätzen Sie Ihren Ausbildungsstand zum Zeitpunkt %s<school_type_end> aus heutiger Sicht in den von Ihnen belegten Fächern ein? "",""Allgemeinbildende Fächer"""
"NULL,""188"",NULL,""Stand_uek"",""Wie schätzen Sie Ihren Ausbildungsstand zum Zeitpunkt %s<school_type_end> aus heutiger Sicht in den von Ihnen belegten Fächern ein? "",""Überbetriebliche Kurse / Einführungskurse"""
"NULL,""189"",NULL,""Stand_bkf"",""Wie schätzen Sie Ihren Ausbildungsstand zum Zeitpunkt %s<school_type_end> aus heutiger Sicht in den von Ihnen belegten Fächern ein? "",""Berufskundliche Fächer"""
"NULL,""190"",NULL,""Stand_fur"",""Wie schätzen Sie Ihren Ausbildungsstand zum Zeitpunkt %s<school_type_end> aus heutiger Sicht in den von Ihnen belegten Fächern ein? "",""Finanz- und Rechnungswesen"""
"NULL,""191"",NULL,""Stand_gkk"",""Wie schätzen Sie Ihren Ausbildungsstand zum Zeitpunkt %s<school_type_end> aus heutiger Sicht in den von Ihnen belegten Fächern ein? "",""Gestaltung, Kunst, Kultur"""
"NULL,""192"",NULL,""Stand_iuk"",""Wie schätzen Sie Ihren Ausbildungsstand zum Zeitpunkt %s<school_type_end> aus heutiger Sicht in den von Ihnen belegten Fächern ein? "",""Information und Kommunikation"""
"NULL,""193"",NULL,""Stand_nat"",""Wie schätzen Sie Ihren Ausbildungsstand zum Zeitpunkt %s<school_type_end> aus heutiger Sicht in den von Ihnen belegten Fächern ein? "",""Naturwissenschaften"""
"NULL,""194"",NULL,""Stand_oek"",""Wie schätzen Sie Ihren Ausbildungsstand zum Zeitpunkt %s<school_type_end> aus heutiger Sicht in den von Ihnen belegten Fächern ein? "",""Biologie / Ökologie"""
"NULL,""195"",NULL,""Stand_soz"",""Wie schätzen Sie Ihren Ausbildungsstand zum Zeitpunkt %s<school_type_end> aus heutiger Sicht in den von Ihnen belegten Fächern ein? "",""Sozialwissenschaften"""
"NULL,""196"",NULL,""Stand_tuu"",""Wie schätzen Sie Ihren Ausbildungsstand zum Zeitpunkt %s<school_type_end> aus heutiger Sicht in den von Ihnen belegten Fächern ein? "",""Technik und Umwelt"""
"NULL,""197"",NULL,""Stand_wug"",""Wie schätzen Sie Ihren Ausbildungsstand zum Zeitpunkt %s<school_type_end> aus heutiger Sicht in den von Ihnen belegten Fächern ein? "",""Wirtschaft und Gesellschaft"""
"NULL,""198"",NULL,""Stand_vbr"",""Wie schätzen Sie Ihren Ausbildungsstand zum Zeitpunkt %s<school_type_end> aus heutiger Sicht in den von Ihnen belegten Fächern ein? "",""Volkswirtschaft/Betriebswirtschaft/Recht"""
"NULL,""199"",NULL,""Stand_ika"",""Wie schätzen Sie Ihren Ausbildungsstand zum Zeitpunkt %s<school_type_end> aus heutiger Sicht in den von Ihnen belegten Fächern ein? "",""Information, Kommunikation, Administration (IKA)"""
"NULL,""200"",NULL,""Stpk_schw"",""Wie beurteilen Sie aus heutiger Sicht den Stand Ihrer personalen Kompetenzen am Ende %s<school_type_competence>?"",""Kennen meiner eigenen Stärken und Schwächen"""
"NULL,""201"",NULL,""Stpk_frag"",""Wie beurteilen Sie aus heutiger Sicht den Stand Ihrer personalen Kompetenzen am Ende %s<school_type_competence>?"",""Nachfragen, wenn ich etwas nicht verstehe"""
"NULL,""202"",NULL,""Stpk_eigen"",""Wie beurteilen Sie aus heutiger Sicht den Stand Ihrer personalen Kompetenzen am Ende %s<school_type_competence>?"",""Eigenständiges Bearbeiten von Aufgaben"""
"NULL,""203"",NULL,""Stpk_time"",""Wie beurteilen Sie aus heutiger Sicht den Stand Ihrer personalen Kompetenzen am Ende %s<school_type_competence>?"",""Rechtzeitiges Fertigstellen von Arbeiten"""
"NULL,""204"",NULL,""Stpk_selbt"",""Wie beurteilen Sie aus heutiger Sicht den Stand Ihrer personalen Kompetenzen am Ende %s<school_type_competence>?"",""Probleme selbstständig lösen"""
"NULL,""205"",NULL,""Stpk_idee"",""Wie beurteilen Sie aus heutiger Sicht den Stand Ihrer personalen Kompetenzen am Ende %s<school_type_competence>?"",""Eigene Ideen umsetzen"""
"NULL,""206"",NULL,""Stpk_urteil"",""Wie beurteilen Sie aus heutiger Sicht den Stand Ihrer personalen Kompetenzen am Ende %s<school_type_competence>?"",""Eigenständig urteilen"""
"NULL,""207"",NULL,""Stsk_zusamm"",""Wie beurteilen Sie aus heutiger Sicht den Stand Ihrer sozialen Kompetenzen am Ende %s<school_type_competence>?"",""Zusammenarbeit mit anderen"""
"NULL,""208"",NULL,""Stsk_gruppe"",""Wie beurteilen Sie aus heutiger Sicht den Stand Ihrer sozialen Kompetenzen am Ende %s<school_type_competence>?"",""Verantwortung übernehmen in Gruppen"""
"NULL,""209"",NULL,""Stsk_konfl"",""Wie beurteilen Sie aus heutiger Sicht den Stand Ihrer sozialen Kompetenzen am Ende %s<school_type_competence>?"",""Umgang mit Konflikten """
"NULL,""210"",NULL,""Stsk_kritik"",""Wie beurteilen Sie aus heutiger Sicht den Stand Ihrer sozialen Kompetenzen am Ende %s<school_type_competence>?"",""Umgang mit Kritik und Verbesserungsvorschlägen"""
"NULL,""211"",NULL,""Stsk_achte"",""Wie beurteilen Sie aus heutiger Sicht den Stand Ihrer sozialen Kompetenzen am Ende %s<school_type_competence>?"",""Toleranz gegenüber anderen Werten und Lebensweisen"""
"NULL,""212"",NULL,""Stsk_rueck"",""Wie beurteilen Sie aus heutiger Sicht den Stand Ihrer sozialen Kompetenzen am Ende %s<school_type_competence>?"",""Rücksicht nehmen auf andere"""
"NULL,""213"",NULL,""Stmk_wort"",""Wie beurteilen Sie aus heutiger Sicht den Stand Ihrer Methodenkompetenzen am Ende %s<school_type_competence>?"",""Gelerntes mit eigenen Worten wiedergeben """
"NULL,""214"",NULL,""Stmk_info"",""Wie beurteilen Sie aus heutiger Sicht den Stand Ihrer Methodenkompetenzen am Ende %s<school_type_competence>?"",""Information aus Medien (Bücher, Internet etc.) entnehmen und zusammenzustellen"""
"NULL,""215"",NULL,""Stmk_prae"",""Wie beurteilen Sie aus heutiger Sicht den Stand Ihrer Methodenkompetenzen am Ende %s<school_type_competence>?"",""Arbeitsergebnisse verständlich und überzeugend vortragen """
"NULL,""216"",NULL,""Stmk_plan"",""Wie beurteilen Sie aus heutiger Sicht den Stand Ihrer Methodenkompetenzen am Ende %s<school_type_competence>?"",""Zu Beginn überlegen, wie ich am besten etwas lerne oder bearbeite """
"NULL,""217"",NULL,""Stmk_ziel"",""Wie beurteilen Sie aus heutiger Sicht den Stand Ihrer Methodenkompetenzen am Ende %s<school_type_competence>?"",""Eigene Lernziele setzen"""
"NULL,""218"",NULL,""Stmk_strate"",""Wie beurteilen Sie aus heutiger Sicht den Stand Ihrer Methodenkompetenzen am Ende %s<school_type_competence>?"",""Anwendung verschiedener Strategien zur Problemlösung"""
"NULL,""219"",NULL,""Stmk_ueber"",""Wie beurteilen Sie aus heutiger Sicht den Stand Ihrer Methodenkompetenzen am Ende %s<school_type_competence>?"",""Während des Lernens überprüfen, ob ich es verstanden habe """
"NULL,""220"",NULL,""Stmk_it"",""Wie beurteilen Sie aus heutiger Sicht den Stand Ihrer Methodenkompetenzen am Ende %s<school_type_competence>?"",""Umgang mit IT-Anwendungen (Word, Excel, Internet- und E-Mail-Programmen etc.)"""
"NULL,""221"",NULL,""Schul_schw"",""Haben Sie an Ihrer Schule folgende überfachlichen Kompetenzen gelernt? Ich habe gelernt..."",""... meine eigenen Stärken und Schwächen zu kennen"""
"NULL,""222"",NULL,""Schul_frag"",""Haben Sie an Ihrer Schule folgende überfachlichen Kompetenzen gelernt? Ich habe gelernt..."",""... nachzufragen, wenn ich etwas nicht verstehe."""
"NULL,""223"",NULL,""Schul_eigen"",""Haben Sie an Ihrer Schule folgende überfachlichen Kompetenzen gelernt? Ich habe gelernt..."",""... Aufgaben eigenständig zu bearbeiten."""
"NULL,""224"",NULL,""Schul_time"",""Haben Sie an Ihrer Schule folgende überfachlichen Kompetenzen gelernt? Ich habe gelernt..."",""... Arbeiten rechtzeitig fertig zu stellen."""
"NULL,""225"",NULL,""Schul_selbt"",""Haben Sie an Ihrer Schule folgende überfachlichen Kompetenzen gelernt? Ich habe gelernt..."",""... selbstständig Probleme zu lösen."""
"NULL,""226"",NULL,""Schul_idee"",""Haben Sie an Ihrer Schule folgende überfachlichen Kompetenzen gelernt? Ich habe gelernt..."",""... eigene Ideen umzusetzen."""
"NULL,""227"",NULL,""Schul_urteil"",""Haben Sie an Ihrer Schule folgende überfachlichen Kompetenzen gelernt? Ich habe gelernt..."",""... eigenständig zu urteilen."""
"NULL,""228"",NULL,""Schul_zusamm"",""Haben Sie an Ihrer Schule folgende überfachlichen Kompetenzen gelernt? Ich habe gelernt..."",""... mit anderen zusammen zu arbeiten."""
"NULL,""229"",NULL,""Schul_gruppe"",""Haben Sie an Ihrer Schule folgende überfachlichen Kompetenzen gelernt? Ich habe gelernt..."",""... in Gruppen Verantwortung zu übernehmen."""
"NULL,""230"",NULL,""Schul_konfl"",""Haben Sie an Ihrer Schule folgende überfachlichen Kompetenzen gelernt? Ich habe gelernt..."",""... mit Konflikten umzugehen."""
"NULL,""231"",NULL,""Schul_kritik"",""Haben Sie an Ihrer Schule folgende überfachlichen Kompetenzen gelernt? Ich habe gelernt..."",""... mit Kritik und Verbesserungsvorschlägen umzugehen."""
"NULL,""232"",NULL,""Schul_achte"",""Haben Sie an Ihrer Schule folgende überfachlichen Kompetenzen gelernt? Ich habe gelernt..."",""... tolerant zu sein gegenüber anderen Werten und Lebensweisen."""
"NULL,""233"",NULL,""Schul_rueck"",""Haben Sie an Ihrer Schule folgende überfachlichen Kompetenzen gelernt? Ich habe gelernt..."",""... Rücksicht zu nehmen auf andere."""
"NULL,""234"",NULL,""Schul_wort"",""Haben Sie an Ihrer Schule folgende überfachlichen Kompetenzen gelernt? Ich habe gelernt..."",""... Gelerntes mit eigenen Worten wiederzugeben."""
"NULL,""235"",NULL,""Schul_info"",""Haben Sie an Ihrer Schule folgende überfachlichen Kompetenzen gelernt? Ich habe gelernt..."",""... Informationen aus Medien (Bücher, Internet etc.) zu entnehmen und zusammenzustellen. """
"NULL,""236"",NULL,""Schul_prae"",""Haben Sie an Ihrer Schule folgende überfachlichen Kompetenzen gelernt? Ich habe gelernt..."",""... verständlich und überzeugend vorzutragen."""
"NULL,""237"",NULL,""Schul_plan"",""Haben Sie an Ihrer Schule folgende überfachlichen Kompetenzen gelernt? Ich habe gelernt..."",""... zu Beginn zu überlegen, wie ich am besten etwas lerne oder bearbeite."""
"NULL,""238"",NULL,""Schul_ziel"",""Haben Sie an Ihrer Schule folgende überfachlichen Kompetenzen gelernt? Ich habe gelernt..."",""... Lernziele zu setzen."""
"NULL,""239"",NULL,""Schul_strate"",""Haben Sie an Ihrer Schule folgende überfachlichen Kompetenzen gelernt? Ich habe gelernt..."",""... verschiedene Strategien zur Problemlösung anzuwenden."""
"NULL,""240"",NULL,""Schul_ueber"",""Haben Sie an Ihrer Schule folgende überfachlichen Kompetenzen gelernt? Ich habe gelernt..."",""... während des Lernens zu überprüfen, ob ich es verstanden habe."""
"NULL,""241"",NULL,""Schul_it"",""Haben Sie an Ihrer Schule folgende überfachlichen Kompetenzen gelernt? Ich habe gelernt..."",""... mit IT-Anwendungen (Word, Excel, Internet- und E-Mail-Programme etc.) umzugehen."""
"NULL,""242"",NULL,""Komp_wenig"",""Welche aus Ihrer Sicht wichtigen überfachlichen Kompetenzen wurden in der Schulausbildung nicht oder zu wenig gefördert?"","
"NULL,""243"",NULL,""Polit_grund"",""Wie beurteilen Sie aus heutiger Sicht den Einfluss der Schule auf Ihre politische Bildung?"",""%s<school_type_local> habe ich gute Grundlagen zum Verständnis politischer Zusammenhänge erhalten."""
"NULL,""244"",NULL,""Polit_inter"",""Wie beurteilen Sie aus heutiger Sicht den Einfluss der Schule auf Ihre politische Bildung?"",""%s<school_type_nominativ1> hat mein Interesse an politischen Zusammenhängen gefördert."""
"NULL,""245"",NULL,""Zlern_selbst"",""Inwiefern treffen die folgenden Aussagen rückblickend auf Ihr Lernen %s<school_type_local> zu?"",""Ich fühlte mich für mein Lernen selbst zuständig."""
"NULL,""246"",NULL,""Zlern_org"",""Inwiefern treffen die folgenden Aussagen rückblickend auf Ihr Lernen %s<school_type_local> zu?"",""Ich konnte über die Organisation des Lerngeschehens mitbestimmen."""
"NULL,""247"",NULL,""Zlern_ideen"",""Inwiefern treffen die folgenden Aussagen rückblickend auf Ihr Lernen %s<school_type_local> zu?"",""Ich konnte meine eigenen Ideen verwirklichen."""
"NULL,""248"",NULL,""Zlern_tun"",""Inwiefern treffen die folgenden Aussagen rückblickend auf Ihr Lernen %s<school_type_local> zu?"",""Ich hatte das Gefühl, das zu tun, was ich selber tun will."""
"NULL,""249"",NULL,""Flern_temp"",""Wie beurteilen Sie Ihre Fähigkeiten selbständig zu lernen am Ende %s<school_type_genitive>?"",""... mein Lerntempo selbst zu bestimmen."""
"NULL,""250"",NULL,""Flern_art"",""Wie beurteilen Sie Ihre Fähigkeiten selbständig zu lernen am Ende %s<school_type_genitive>?"",""... meine Art zu lernen selbst zu wählen."""
"NULL,""251"",NULL,""Flern_zusa"",""Wie beurteilen Sie Ihre Fähigkeiten selbständig zu lernen am Ende %s<school_type_genitive>?"",""... selbst zu entscheiden, mit wem ich zusammenarbeite."""
"NULL,""252"",NULL,""Flern_mat"",""Wie beurteilen Sie Ihre Fähigkeiten selbständig zu lernen am Ende %s<school_type_genitive>?"",""... Lernmaterialien selbst auszusuchen."""
"NULL,""253"",NULL,""Flern_meth"",""Wie beurteilen Sie Ihre Fähigkeiten selbständig zu lernen am Ende %s<school_type_genitive>?"",""... Lernmethoden und -zugänge selbst zu wählen."""
"NULL,""254"",NULL,""Flern_kont"",""Wie beurteilen Sie Ihre Fähigkeiten selbständig zu lernen am Ende %s<school_type_genitive>?"",""... mein Lernen selbst zu kontrollieren."""
"NULL,""255"",NULL,""Flern_atm"",""Wie beurteilen Sie Ihre Fähigkeiten selbständig zu lernen am Ende %s<school_type_genitive>?"",""... eine angenehme und förderliche Lernatmosphäre zu schaffen."""
"NULL,""256"",NULL,""Flern_was"",""Wie beurteilen Sie Ihre Fähigkeiten selbständig zu lernen am Ende %s<school_type_genitive>?"",""... selbst festzulegen, was ich lernen will."""
"NULL,""257"",NULL,""Flern_refle"",""Wie beurteilen Sie Ihre Fähigkeiten selbständig zu lernen am Ende %s<school_type_genitive>?"",""... mein Vorgehen beim Lernen zu reflektieren"""
"NULL,""258"",NULL,""Flern_pruef"",""Wie beurteilen Sie Ihre Fähigkeiten selbständig zu lernen am Ende %s<school_type_genitive>?"",""... meinen Lernerfolg selbst zu überprüfen"""
"NULL,""259"",NULL,""Wicht_de"",""Wie schätzen Sie aus heutiger Sicht die Wichtigkeit der folgenden fachlichen Kompetenzen für Ihre jetzige Ausbildung/Tätigkeit ein?"",""Deutsch"""
"NULL,""260"",NULL,""Wicht_fr"",""Wie schätzen Sie aus heutiger Sicht die Wichtigkeit der folgenden fachlichen Kompetenzen für Ihre jetzige Ausbildung/Tätigkeit ein?"",""Französisch"""
"NULL,""261"",NULL,""Wicht_eng"",""Wie schätzen Sie aus heutiger Sicht die Wichtigkeit der folgenden fachlichen Kompetenzen für Ihre jetzige Ausbildung/Tätigkeit ein?"",""Englisch"""
"NULL,""262"",NULL,""Wicht_it"",""Wie schätzen Sie aus heutiger Sicht die Wichtigkeit der folgenden fachlichen Kompetenzen für Ihre jetzige Ausbildung/Tätigkeit ein?"",""Italienisch"""
"NULL,""263"",NULL,""Wicht_es"",""Wie schätzen Sie aus heutiger Sicht die Wichtigkeit der folgenden fachlichen Kompetenzen für Ihre jetzige Ausbildung/Tätigkeit ein?"",""Spanisch"""
"NULL,""264"",NULL,""Wicht_ru"",""Wie schätzen Sie aus heutiger Sicht die Wichtigkeit der folgenden fachlichen Kompetenzen für Ihre jetzige Ausbildung/Tätigkeit ein?"",""Russisch"""
"NULL,""265"",NULL,""Wicht_lat"",""Wie schätzen Sie aus heutiger Sicht die Wichtigkeit der folgenden fachlichen Kompetenzen für Ihre jetzige Ausbildung/Tätigkeit ein?"",""Latein"""
"NULL,""266"",NULL,""Wicht_grie"",""Wie schätzen Sie aus heutiger Sicht die Wichtigkeit der folgenden fachlichen Kompetenzen für Ihre jetzige Ausbildung/Tätigkeit ein?"",""Griechisch"""
"NULL,""267"",NULL,""Wicht_math"",""Wie schätzen Sie aus heutiger Sicht die Wichtigkeit der folgenden fachlichen Kompetenzen für Ihre jetzige Ausbildung/Tätigkeit ein?"",""Mathematik"""
"NULL,""268"",NULL,""Wicht_bio"",""Wie schätzen Sie aus heutiger Sicht die Wichtigkeit der folgenden fachlichen Kompetenzen für Ihre jetzige Ausbildung/Tätigkeit ein?"",""Biologie"""
"NULL,""269"",NULL,""Wicht_phy"",""Wie schätzen Sie aus heutiger Sicht die Wichtigkeit der folgenden fachlichen Kompetenzen für Ihre jetzige Ausbildung/Tätigkeit ein?"",""Physik"""
"NULL,""270"",NULL,""Wicht_chem"",""Wie schätzen Sie aus heutiger Sicht die Wichtigkeit der folgenden fachlichen Kompetenzen für Ihre jetzige Ausbildung/Tätigkeit ein?"",""Chemie"""
"NULL,""271"",NULL,""Wicht_biche"",""Wie schätzen Sie aus heutiger Sicht die Wichtigkeit der folgenden fachlichen Kompetenzen für Ihre jetzige Ausbildung/Tätigkeit ein?"",""Biologie und Chemie (in Kombination als Schwerpunktfach)"""
"NULL,""272"",NULL,""Wicht_phyam"",""Wie schätzen Sie aus heutiger Sicht die Wichtigkeit der folgenden fachlichen Kompetenzen für Ihre jetzige Ausbildung/Tätigkeit ein?"",""Physik und Anwendungen der Mathematik (in Kombination als Schwerpunktfach)"""
"NULL,""273"",NULL,""Wicht_am"",""Wie schätzen Sie aus heutiger Sicht die Wichtigkeit der folgenden fachlichen Kompetenzen für Ihre jetzige Ausbildung/Tätigkeit ein?"",""Anwendungen der Mathematik"""
"NULL,""274"",NULL,""Wicht_ict"",""Wie schätzen Sie aus heutiger Sicht die Wichtigkeit der folgenden fachlichen Kompetenzen für Ihre jetzige Ausbildung/Tätigkeit ein?"",""Informations- und Kommunikationstechnologien (Informatik)"""
"NULL,""275"",NULL,""Wicht_wur"",""Wie schätzen Sie aus heutiger Sicht die Wichtigkeit der folgenden fachlichen Kompetenzen für Ihre jetzige Ausbildung/Tätigkeit ein?"",""Wirtschaft und Recht"""
"NULL,""276"",NULL,""Wicht_gesch"",""Wie schätzen Sie aus heutiger Sicht die Wichtigkeit der folgenden fachlichen Kompetenzen für Ihre jetzige Ausbildung/Tätigkeit ein?"",""Geschichte / Staatslehre / Politik"""
"NULL,""277"",NULL,""Wicht_geo"",""Wie schätzen Sie aus heutiger Sicht die Wichtigkeit der folgenden fachlichen Kompetenzen für Ihre jetzige Ausbildung/Tätigkeit ein?"",""Geografie"""
"NULL,""278"",NULL,""Wicht_ppp"",""Wie schätzen Sie aus heutiger Sicht die Wichtigkeit der folgenden fachlichen Kompetenzen für Ihre jetzige Ausbildung/Tätigkeit ein?"",""Philosophie / Pädagogik / Psychologie (in Kombination als Schwerpunktfach)"""
"NULL,""279"",NULL,""Wicht_phil"",""Wie schätzen Sie aus heutiger Sicht die Wichtigkeit der folgenden fachlichen Kompetenzen für Ihre jetzige Ausbildung/Tätigkeit ein?"",""Philosophie"""
"NULL,""280"",NULL,""Wicht_paepsy"",""Wie schätzen Sie aus heutiger Sicht die Wichtigkeit der folgenden fachlichen Kompetenzen für Ihre jetzige Ausbildung/Tätigkeit ein?"",""Pädagogik / Psychologie"""
"NULL,""281"",NULL,""Wicht_reli"",""Wie schätzen Sie aus heutiger Sicht die Wichtigkeit der folgenden fachlichen Kompetenzen für Ihre jetzige Ausbildung/Tätigkeit ein?"",""Religionslehre"""
"NULL,""282"",NULL,""Wicht_bg"",""Wie schätzen Sie aus heutiger Sicht die Wichtigkeit der folgenden fachlichen Kompetenzen für Ihre jetzige Ausbildung/Tätigkeit ein?"",""Bildnerisches Gestalten / Gestaltung"""
"NULL,""283"",NULL,""Wicht_mus"",""Wie schätzen Sie aus heutiger Sicht die Wichtigkeit der folgenden fachlichen Kompetenzen für Ihre jetzige Ausbildung/Tätigkeit ein?"",""Musik"""
"NULL,""284"",NULL,""Wicht_sport"",""Wie schätzen Sie aus heutiger Sicht die Wichtigkeit der folgenden fachlichen Kompetenzen für Ihre jetzige Ausbildung/Tätigkeit ein?"",""Sport"""
"NULL,""285"",NULL,""Wicht_abu"",""Wie schätzen Sie aus heutiger Sicht die Wichtigkeit der folgenden fachlichen Kompetenzen für Ihre jetzige Ausbildung/Tätigkeit ein?"",""Allgemeinbildende Fächer"""
"NULL,""286"",NULL,""Wicht_uek"",""Wie schätzen Sie aus heutiger Sicht die Wichtigkeit der folgenden fachlichen Kompetenzen für Ihre jetzige Ausbildung/Tätigkeit ein?"",""Überbetriebliche Kurse / Einführungskurse"""
"NULL,""287"",NULL,""Wicht_bkf"",""Wie schätzen Sie aus heutiger Sicht die Wichtigkeit der folgenden fachlichen Kompetenzen für Ihre jetzige Ausbildung/Tätigkeit ein?"",""Berufskundliche Fächer"""
"NULL,""288"",NULL,""Wicht_fur"",""Wie schätzen Sie aus heutiger Sicht die Wichtigkeit der folgenden fachlichen Kompetenzen für Ihre jetzige Ausbildung/Tätigkeit ein?"",""Finanz- und Rechnungswesen"""
"NULL,""289"",NULL,""Wicht_gkk"",""Wie schätzen Sie aus heutiger Sicht die Wichtigkeit der folgenden fachlichen Kompetenzen für Ihre jetzige Ausbildung/Tätigkeit ein?"",""Gestaltung, Kunst, Kultur"""
"NULL,""290"",NULL,""Wicht_iuk"",""Wie schätzen Sie aus heutiger Sicht die Wichtigkeit der folgenden fachlichen Kompetenzen für Ihre jetzige Ausbildung/Tätigkeit ein?"",""Information und Kommunikation"""
"NULL,""291"",NULL,""Wicht_nat"",""Wie schätzen Sie aus heutiger Sicht die Wichtigkeit der folgenden fachlichen Kompetenzen für Ihre jetzige Ausbildung/Tätigkeit ein?"",""Naturwissenschaften"""
"NULL,""292"",NULL,""Wicht_oek"",""Wie schätzen Sie aus heutiger Sicht die Wichtigkeit der folgenden fachlichen Kompetenzen für Ihre jetzige Ausbildung/Tätigkeit ein?"",""Biologie / Ökologie"""
"NULL,""293"",NULL,""Wicht_soz"",""Wie schätzen Sie aus heutiger Sicht die Wichtigkeit der folgenden fachlichen Kompetenzen für Ihre jetzige Ausbildung/Tätigkeit ein?"",""Sozialwissenschaften"""
"NULL,""294"",NULL,""Wicht_tuu"",""Wie schätzen Sie aus heutiger Sicht die Wichtigkeit der folgenden fachlichen Kompetenzen für Ihre jetzige Ausbildung/Tätigkeit ein?"",""Technik und Umwelt"""
"NULL,""295"",NULL,""Wicht_wug"",""Wie schätzen Sie aus heutiger Sicht die Wichtigkeit der folgenden fachlichen Kompetenzen für Ihre jetzige Ausbildung/Tätigkeit ein?"",""Wirtschaft und Gesellschaft"""
"NULL,""296"",NULL,""Wicht_vbr"",""Wie schätzen Sie aus heutiger Sicht die Wichtigkeit der folgenden fachlichen Kompetenzen für Ihre jetzige Ausbildung/Tätigkeit ein?"",""Volkswirtschaft / Betriebswirtschaft / Recht"""
"NULL,""297"",NULL,""Wicht_ika"",""Wie schätzen Sie aus heutiger Sicht die Wichtigkeit der folgenden fachlichen Kompetenzen für Ihre jetzige Ausbildung/Tätigkeit ein?"",""Information / Kommunikation / Administration (IKA)"""
"NULL,""298"",NULL,""Wicht_pk"",""Wie schätzen Sie insgesamt die Wichtigkeit der in der vorhergehenden Frage genannten personalen Kompetenzen für Ihre jetzige Ausbildung/Tätigkeit ein?"",""Wichtigkeit der personalen Kompetenzen"""
"NULL,""299"",NULL,""Wicht_sk"",""Wie schätzen Sie insgesamt die Wichtigkeit der in der vorhergehenden Frage genannten sozialen Kompetenzen für Ihre jetzige Ausbildung/Tätigkeit ein?"",""Wichtigkeit der sozialen Kompetenzen"""
"NULL,""300"",NULL,""Wicht_mk"",""Wie schätzen Sie insgesamt die Wichtigkeit der in der vorhergehenden Frage genannten Methodenkompetenzen für Ihre jetzige Ausbildung/Tätigkeit ein?"",""Wichtigkeit der Methodenkompetenzen"""
"NULL,""301"",NULL,""Inter_de"",""Wie hat sich Ihr Interesse an folgenden Fächern im Laufe %s<school_type_genitive> verändert?"",""Deutsch"""
"NULL,""302"",NULL,""Inter_fr"",""Wie hat sich Ihr Interesse an folgenden Fächern im Laufe %s<school_type_genitive> verändert?"",""Französisch"""
"NULL,""303"",NULL,""Inter_eng"",""Wie hat sich Ihr Interesse an folgenden Fächern im Laufe %s<school_type_genitive> verändert?"",""Englisch"""
"NULL,""304"",NULL,""Inter_it"",""Wie hat sich Ihr Interesse an folgenden Fächern im Laufe %s<school_type_genitive> verändert?"",""Italienisch"""
"NULL,""305"",NULL,""Inter_es"",""Wie hat sich Ihr Interesse an folgenden Fächern im Laufe %s<school_type_genitive> verändert?"",""Spanisch"""
"NULL,""306"",NULL,""Inter_ru"",""Wie hat sich Ihr Interesse an folgenden Fächern im Laufe %s<school_type_genitive> verändert?"",""Russisch"""
"NULL,""307"",NULL,""Inter_lat"",""Wie hat sich Ihr Interesse an folgenden Fächern im Laufe %s<school_type_genitive> verändert?"",""Latein"""
"NULL,""308"",NULL,""Inter_grie"",""Wie hat sich Ihr Interesse an folgenden Fächern im Laufe %s<school_type_genitive> verändert?"",""Griechisch"""
"NULL,""309"",NULL,""Inter_math"",""Wie hat sich Ihr Interesse an folgenden Fächern im Laufe %s<school_type_genitive> verändert?"",""Mathematik"""
"NULL,""310"",NULL,""Inter_bio"",""Wie hat sich Ihr Interesse an folgenden Fächern im Laufe %s<school_type_genitive> verändert?"",""Biologie (oder Kombination Biologie-Sport)"""
"NULL,""311"",NULL,""Inter_phy"",""Wie hat sich Ihr Interesse an folgenden Fächern im Laufe %s<school_type_genitive> verändert?"",""Physik"""
"NULL,""312"",NULL,""Inter_chem"",""Wie hat sich Ihr Interesse an folgenden Fächern im Laufe %s<school_type_genitive> verändert?"",""Chemie"""
"NULL,""313"",NULL,""Inter_biche"",""Wie hat sich Ihr Interesse an folgenden Fächern im Laufe %s<school_type_genitive> verändert?"",""Biologie und Chemie (in Kombination als Schwerpunktfach)"""
"NULL,""314"",NULL,""Inter_phyam"",""Wie hat sich Ihr Interesse an folgenden Fächern im Laufe %s<school_type_genitive> verändert?"",""Physik und Anwendungen der Mathematik (in Kombination als Schwerpunktfach)"""
"NULL,""315"",NULL,""Inter_am"",""Wie hat sich Ihr Interesse an folgenden Fächern im Laufe %s<school_type_genitive> verändert?"",""Anwendungen der Mathematik"""
"NULL,""316"",NULL,""Inter_ict"",""Wie hat sich Ihr Interesse an folgenden Fächern im Laufe %s<school_type_genitive> verändert?"",""Informations- und Kommunikationstechnologien (Informatik)"""
"NULL,""317"",NULL,""Inter_wur"",""Wie hat sich Ihr Interesse an folgenden Fächern im Laufe %s<school_type_genitive> verändert?"",""Wirtschaft und Recht"""
"NULL,""318"",NULL,""Inter_gesch"",""Wie hat sich Ihr Interesse an folgenden Fächern im Laufe %s<school_type_genitive> verändert?"",""Geschichte / Staatslehre / Politik"""
"NULL,""319"",NULL,""Inter_geo"",""Wie hat sich Ihr Interesse an folgenden Fächern im Laufe %s<school_type_genitive> verändert?"",""Geografie (auch in Kombination Geografie-Physik oder Geografie-Bildnerisches Gestalten)"""
"NULL,""320"",NULL,""Inter_ppp"",""Wie hat sich Ihr Interesse an folgenden Fächern im Laufe %s<school_type_genitive> verändert?"",""Philosophie / Pädagogik / Psychologie  (in Kombination als Schwerpunktfach)"""
"NULL,""321"",NULL,""Inter_phil"",""Wie hat sich Ihr Interesse an folgenden Fächern im Laufe %s<school_type_genitive> verändert?"",""Philosophie (auch in Kombination Philosophie-Religion oder Philosophie-Deutsch)"""
"NULL,""322"",NULL,""Inter_paepsy"",""Wie hat sich Ihr Interesse an folgenden Fächern im Laufe %s<school_type_genitive> verändert?"",""Pädagogik / Psychologie"""
"NULL,""323"",NULL,""Inter_reli"",""Wie hat sich Ihr Interesse an folgenden Fächern im Laufe %s<school_type_genitive> verändert?"",""Religionslehre / Religion und Ethik"""
"NULL,""324"",NULL,""Inter_bg"",""Wie hat sich Ihr Interesse an folgenden Fächern im Laufe %s<school_type_genitive> verändert?"",""Bildnerisches Gestalten / Gestaltung"""
"NULL,""325"",NULL,""Inter_mus"",""Wie hat sich Ihr Interesse an folgenden Fächern im Laufe %s<school_type_genitive> verändert?"",""Musik"""
"NULL,""326"",NULL,""Inter_sport"",""Wie hat sich Ihr Interesse an folgenden Fächern im Laufe %s<school_type_genitive> verändert?"",""Sport"""
"NULL,""327"",NULL,""Inter_abu"",""Wie hat sich Ihr Interesse an folgenden Fächern im Laufe %s<school_type_genitive> verändert?"",""Allgemeinbildende Fächer"""
"NULL,""328"",NULL,""Inter_uek"",""Wie hat sich Ihr Interesse an folgenden Fächern im Laufe %s<school_type_genitive> verändert?"",""Überbetriebliche Kurse/Einführungskurse"""
"NULL,""329"",NULL,""Inter_bkf"",""Wie hat sich Ihr Interesse an folgenden Fächern im Laufe %s<school_type_genitive> verändert?"",""Berufskundliche Fächer """
"NULL,""330"",NULL,""Inter_fur"",""Wie hat sich Ihr Interesse an folgenden Fächern im Laufe %s<school_type_genitive> verändert?"",""Finanz- und Rechnungswesen"""
"NULL,""331"",NULL,""Inter_gkk"",""Wie hat sich Ihr Interesse an folgenden Fächern im Laufe %s<school_type_genitive> verändert?"",""Gestaltung, Kunst, Kultur"""
"NULL,""332"",NULL,""Inter_iuk"",""Wie hat sich Ihr Interesse an folgenden Fächern im Laufe %s<school_type_genitive> verändert?"",""Information und Kommunikation"""
"NULL,""333"",NULL,""Inter_nat"",""Wie hat sich Ihr Interesse an folgenden Fächern im Laufe %s<school_type_genitive> verändert?"",""Naturwissenschaften"""
"NULL,""334"",NULL,""Inter_boek"",""Wie hat sich Ihr Interesse an folgenden Fächern im Laufe %s<school_type_genitive> verändert?"",""Biologie / Ökologie"""
"NULL,""335"",NULL,""Inter_soz"",""Wie hat sich Ihr Interesse an folgenden Fächern im Laufe %s<school_type_genitive> verändert?"",""Sozialwissenschaften"""
"NULL,""336"",NULL,""Inter_tuu"",""Wie hat sich Ihr Interesse an folgenden Fächern im Laufe %s<school_type_genitive> verändert?"",""Technik und Umwelt"""
"NULL,""337"",NULL,""Inter_wug"",""Wie hat sich Ihr Interesse an folgenden Fächern im Laufe %s<school_type_genitive> verändert?"",""Wirtschaft und Gesellschaft"""
"NULL,""338"",NULL,""Inter_vbr"",""Wie hat sich Ihr Interesse an folgenden Fächern im Laufe %s<school_type_genitive> verändert?"",""Volkswirtschaft / Betriebswirtschaft / Recht"""
"NULL,""339"",NULL,""Inter_ika"",""Wie hat sich Ihr Interesse an folgenden Fächern im Laufe %s<school_type_genitive> verändert?"",""Information / Kommunikation / Administration"""
"NULL,""449"",NULL,""Stand_rom"",""Wie schätzen Sie Ihren Ausbildungsstand zum Zeitpunkt %s<school_type_end> aus heutiger Sicht in den von Ihnen belegten Fächern ein? "",""Romanisch"""
"NULL,""450"",NULL,""Lern_rom"",""Sind Sie der Meinung, in den von Ihnen belegten Fächern viel gelernt zu haben?"",""Romanisch"""
"NULL,""451"",NULL,""Wicht_rom"",""Wie schätzen Sie aus heutiger Sicht die Wichtigkeit der folgenden fachlichen Kompetenzen für Ihre jetzige Ausbildung/Tätigkeit ein?"",""Romanisch"""
"NULL,""452"",NULL,""Inter_rom"",""Wie hat sich Ihr Interesse an folgenden Fächern im Laufe %s<school_type_genitive> verändert?"",""Romanisch"""
"NULL,""453"",NULL,""Stand_ipt"",""Wie schätzen Sie Ihren Ausbildungsstand zum Zeitpunkt %s<school_type_end> aus heutiger Sicht in den von Ihnen belegten Fächern ein? "",""Integrierte Praxisteile (IPT)"""
"NULL,""454"",NULL,""Lern_ipt"",""Sind Sie der Meinung, in den von Ihnen belegten Fächern viel gelernt zu haben?"",""Integrierte Praxisteile (IPT)"""
"NULL,""455"",NULL,""Wicht_ipt"",""Wie schätzen Sie aus heutiger Sicht die Wichtigkeit der folgenden fachlichen Kompetenzen für Ihre jetzige Ausbildung/Tätigkeit ein?"",""Integrierte Praxisteile (IPT)"""
"NULL,""456"",NULL,""Inter_ipt"",""Wie hat sich Ihr Interesse an folgenden Fächern im Laufe %s<school_type_genitive> verändert?"",""Integrierte Praxisteile (IPT)"""
"NULL,""457"",NULL,""Abzweisp"",""Haben Sie %s<school_type_dual> abgeschlossen?"","
"NULL,""457"",NULL,""Abzweisp"",""Schliessen Sie %s<school_type_dual> ab?"","
"NULL,""484"",NULL,""Zufr_admin_a"",""%s<title_p1_g1>"",""... der Administration (Sekretariat)?"""
"NULL,""488"",NULL,""Raumaus_a"",""Wie beurteilen Sie die Ausstattung Ihrer Schule?"",""Die Schulräume sind so ausgestattet, dass ich dort gut lernen und arbeiten kann."""
"NULL,""489"",NULL,""Raumaus_b"",""Wie beurteilen Sie die Ausstattung Ihrer Schule?"",""In den Schulräumen kann ich gut lernen."""
"NULL,""490"",NULL,""Itaus_a"",""Wie beurteilen Sie die Ausstattung Ihrer Schule?"",""Die IT-Ausstattung der Schule (WLAN, Computerräume, Support u. ä.) ist gut."""
"NULL,""496"",NULL,""FachkompLP_a"",""Wie erleben Sie Ihre Lehrpersonen im Unterricht?"",""Meine Lehrpersonen kennen sich in ihren Fächern aus."""
"NULL,""497"",NULL,""Erklkomp_LP_a"",""Wie erleben Sie Ihre Lehrpersonen im Unterricht?"",""Meine Lehrpersonen erklären so, dass ich auch bei schwierigen Themen gut nachkomme."""
"NULL,""498"",NULL,""Erklkomp_LP_b"",""Wie erleben Sie Ihre Lehrpersonen im Unterricht?"",""Meine Lehrpersonen können gut erklären."""
"NULL,""499"",NULL,""AnlkompLP_a"",""Wie erleben Sie Ihre Lehrpersonen im Unterricht?"",""Meine Lehrpersonen geben klare Anleitungen."""
"NULL,""500"",NULL,""FachenglLP_a"",""Wie erleben Sie Ihre Lehrpersonen im Unterricht?"",""Meine Lehrpersonen vermitteln ihr Fach mit Begeisterung."""
"NULL,""501"",NULL,""Pers_engLP_a"",""Wie erleben Sie Ihre Lehrpersonen im Unterricht?"",""Unsere Lehrpersonen arbeiten gern mit uns zusammen."""
"NULL,""505"",NULL,""Foe_anst_a"",""Fühlen Sie sich von Ihren Lehrpersonen gefördert?"",""Meine Lehrpersonen loben mich, wenn ich mich angestrengt habe."""
"NULL,""506"",NULL,""Foe_begab_a"",""Fühlen Sie sich von Ihren Lehrpersonen gefördert?"",""Meine Lehrpersonen fördern mich dort, wo ich gut bin."""
"NULL,""507"",NULL,""Klafuebegl_a"",""Wie gestalten die Lehrpersonen den Unterricht an Ihrer Schule?"",""Unsere Lehrpersonen begleiten uns aufmerksam beim Arbeiten."""
"NULL,""508"",NULL,""Klafueaufs_a"",""Wie gestalten die Lehrpersonen den Unterricht an Ihrer Schule?"",""Unsere Lehrpersonen sorgen dafür, dass alle dem Unterricht folgen."""
"NULL,""509"",NULL,""Klafue_lzl_a"",""Wie gestalten die Lehrpersonen den Unterricht an Ihrer Schule?"",""Unsere Lehrpersonen sagen uns am Anfang der Unterrichtsstunde, was wir in dieser Stunde lernen werden."""
"NULL,""510"",NULL,""Klafue_lzz_a"",""Wie gestalten die Lehrpersonen den Unterricht an Ihrer Schule?"",""Unsere Lehrpersonen sagen uns regelmässig, was wir in nächster Zeit im Unterricht lernen werden."""
"NULL,""511"",NULL,""Aktiv_thema_a"",""Wie gestalten die Lehrpersonen den Unterricht an Ihrer Schule?"",""Unsere Lehrpersonen geben uns oft die Gelegenheit, ein Thema selbständig zu bearbeiten."""
"NULL,""512"",NULL,""Methviel_a"",""Wie gestalten die Lehrpersonen den Unterricht an Ihrer Schule?"",""Unsere Lehrpersonen wenden im Unterricht verschiedene Methoden an (z. B. Gruppenunterricht, Projekte, Werkstatt, Vorträge usw.)."""
"NULL,""513"",NULL,""Aktlerntr_a"",""Wie gestalten die Lehrpersonen den Unterricht an Ihrer Schule?"",""Was wir im Unterricht lernen, erklären uns die Lehrpersonen an praxisnahen Beispielen."""
"NULL,""514"",NULL,""Aktlerntr_b"",""Wie gestalten die Lehrpersonen den Unterricht an Ihrer Schule?"",""Im Unterricht lernen wir mit Beispielen, die ich verstehe."""
"NULL,""518"",NULL,""Gefstoer_a"",""Wie fühlen Sie sich in Ihrer Klasse?"",""Ich fühle mich im Unterricht oft durch andere gestört."""
"NULL,""519"",NULL,""Sozintkl_a"",""Wie fühlen Sie sich in Ihrer Klasse?"",""Ich fühle mich in meiner Klasse wohl."""
"NULL,""520"",NULL,""Lehrmat_a"",""Wie ist das Lernmaterial, das Sie an Ihrer Schule nutzen? "",""Die Lernmaterialien (Lehrmittel, Unterlagen, Software usw.) sind aktuell."""
"NULL,""521"",NULL,""Pruef_stoff_a"",""Wie schätzen Sie die Prüfungen und Lernkontrollen an Ihrer Schule ein?"",""Was geprüft wird, stimmt mit dem Unterrichtsstoff überein."""
"NULL,""522"",NULL,""Pruef_info_a"",""Wie schätzen Sie die Prüfungen und Lernkontrollen an Ihrer Schule ein?"",""Unsere Lehrpersonen informieren uns vor den Prüfungen über die Prüfungsanforderungen (Stoff, Art der Prüfung, Bewertungskriterien)."""
"NULL,""523"",NULL,""Pruef_ausk_a"",""Wie schätzen Sie die Prüfungen und Lernkontrollen an Ihrer Schule ein?"",""Wenn ich bei den Prüfungen und der Notengebung etwas nicht verstehe, erhalte ich jederzeit problemlos Auskunft. """
"NULL,""524"",NULL,""Koop_betr_a"",""Wie sehr treffen folgende Aussagen auf Ihre Schule zu? (BM2-Lernende bitte diese Fragen nicht beantworten)"",""Was ich in der Schule und im Betrieb lerne, ist aufeinander abgestimmt."""
"NULL,""525"",NULL,""Koop_uk_a"",""Wie sehr treffen folgende Aussagen auf Ihre Schule zu? (BM2-Lernende bitte diese Fragen nicht beantworten)"",""Was ich in der Schule und in den ÜK lerne, ist aufeinander abgestimmt."""
"NULL,""526"",NULL,""Selbstorg_a"",""Wie beurteilen Sie Ihr eigenes Lernverhalten?"",""Ich kann mich so organisieren, dass ich die Anforderungen der Schule erfüllen kann."""
"NULL,""530"",NULL,""Sozumfeld_a"",""%s<title_p11_g2>"",""Meine Eltern, Geschwister, Freunde, etc. helfen mir falls nötig beim Lernen für die Schule."""
"NULL,""531"",NULL,""Lehrumfeld_a"",""%s<title_p11_g2>"",""Falls nötig hilft mir jemand in meinem Lehrbetrieb beim Lernen für die Schule."""
"NULL,""545"",NULL,""Itkompetenz_a"",""Haben Sie in der Zeit an Ihrer Schule in folgenden Bereichen dazu gelernt? Ich habe an der Schule gelernt, ..."",""... mit allgemeinen IT-Anwendungen (Word, Excel, Internet- und E-Mail-Programme etc.) umzugehen."""
"NULL,""546"",NULL,""Itkompetenzber_a"",""Haben Sie in der Zeit an Ihrer Schule in folgenden Bereichen dazu gelernt? Ich habe an der Schule gelernt, ..."",""... mit Computerprogrammen umzugehen, die ich in meinem Beruf brauche."""
"NULL,""547"",NULL,""itkompetenz_ps_a"",""Haben Sie in der Zeit an Ihrer Schule in folgenden Bereichen dazu gelernt? Ich habe an der Schule gelernt, ..."",""... mit persönlichen Daten im Internet sorgfältig umzugehen."""
"NULL,""548"",NULL,""Wert_ber_a"",""%s<title_p15_g1>"",""Ich kann das Gelernte in meinem beruflichen Alltag nutzen."""
"NULL,""549"",NULL,""Wert_ber_b"",""%s<title_p15_g1>"",""Ich kann das Gelernte bei der Arbeit nutzen."""
"NULL,""550"",NULL,""Wert_fach_a"",""%s<title_p15_g1>"",""Ich fühle mich [span=underline]fachlich[/span] gut auf meine berufliche Zukunft vorbereitet."""
"NULL,""551"",NULL,""Wert_per_a"",""%s<title_p15_g1>"",""Ich fühle mich [span=underline]als Person[/span] gut auf meine berufliche Zukunft vorbereitet."""
"NULL,""552"",NULL,""Wert_ins_a"",""%s<title_p15_g1>"",""Ich fühle mich [span=underline]insgesamt[/span] gut auf meine berufliche Zukunft vorbereitet."""
"NULL,""553"",NULL,""Wert_wb_a"",""%s<title_p15_g1>"",""Ich fühle mich insgesamt gut auf weiterführende Schulen und Weiterbildungen vorbereitet."""
"NULL,""554"",NULL,""Bswahl_zeit"",""Wie erlebten Sie die Berufs- und Studienwahl an Ihrem Gymnasium?"",""Während des Gymnasiums wurde mir genügend Zeit für die Studien- und Laufbahnwahl (z.B. Besuch von Informationsanlässen, Besuch bei der Studienberatung, o.ä.) zur Verfügung gestellt."""
"NULL,""555"",NULL,""Bswahl_mittel"",""Wie erlebten Sie die Berufs- und Studienwahl an Ihrem Gymnasium?"",""Die Arbeitsmittel, die wir in der Schule für die Studienwahlvorbereitung nutzten, waren für mich hilfreich."""
"NULL,""556"",NULL,""Bswahl_komp"",""Wie erlebten Sie die Berufs- und Studienwahl an Ihrem Gymnasium?"",""Ich kann relevante Informationsmittel zur Studien- und Berufswahl kompetent nutzen."""
"NULL,""557"",NULL,""Bswahl_unt"",""Wie erlebten Sie die Berufs- und Studienwahl an Ihrem Gymnasium?"",""Aus heutiger Sicht hat mich meine Schule gut bei der Studienwahl bzw. Laufbahnplanung unterstützt."""
"NULL,""558"",NULL,""Bswahl_ext"",""Wie erlebten Sie die Berufs- und Studienwahl an Ihrem Gymnasium?"",""Ich kenne die schulexternen Unterstützungsangebote zur Studien- und Berufswahl. """
"NULL,""559"",NULL,""Bswahl_hilf"",""Wie erlebten Sie die Berufs- und Studienwahl an Ihrem Gymnasium?"",""Aus heutiger Sicht war die schulexterne Studien- und Laufbahnberatung für mich hilfreich."""
"NULL,""560"",NULL,""Bswahl_schnu"",""Wie erlebten Sie die Berufs- und Studienwahl an Ihrem Gymnasium?"",""Schnuppern (in Vorlesungen oder im Beruf) war für mich bei meiner Studien- und Berufswahl hilfreich."""
"NULL,""561"",NULL,""Bswahl_gespr"",""Wie erlebten Sie die Berufs- und Studienwahl an Ihrem Gymnasium?"",""Persönliche Gespräche mit Studierenden oder Berufsleuten halfen mir bei meiner Studien- und Berufswahl."""
"NULL,""562"",NULL,""Bswahl_bes"",""Wie erlebten Sie die Berufs- und Studienwahl an Ihrem Gymnasium?"",""Hochschulbesuchstage waren für mich bei meiner Studien- und Berufswahl hilfreich."""
"NULL,""563"",NULL,""Bswahl_them"",""Wie erlebten Sie die Berufs- und Studienwahl an Ihrem Gymnasium?"",""Meine Studien- und Berufswahl war für mich in den letzten beiden Jahren der Mittelschule ein wichtiges Thema."""
"NULL,""564"",NULL,""Bswahl_eng"",""Wie erlebten Sie die Berufs- und Studienwahl an Ihrem Gymnasium?"",""Ich habe mich mit meiner Studien- und Berufswahl seriös auseinandergesetzt und hierfür auch Zeit investiert."""
"NULL,""565"",NULL,""Bswahl_moegl"",""Wie erlebten Sie die Berufs- und Studienwahl an Ihrem Gymnasium?"",""Ich kenne die für mich relevanten Studien- und Berufsmöglichkeiten."""
"NULL,""566"",NULL,""Bswahl_pass"",""Wie erlebten Sie die Berufs- und Studienwahl an Ihrem Gymnasium?"",""Ich bin so weit, dass ich ein Studium oder einen Beruf wähle, das/der zu mir passt. """
"NULL,""567"",NULL,""Bswahl_wiss"",""Wie erlebten Sie die Berufs- und Studienwahl an Ihrem Gymnasium?"",""Ich weiss, was ich tun muss, um mein gewünschtes Studium bzw. meine gewünschte Ausbildung aufzunehmen."""
"NULL,""689"",NULL,""Blsb_zeit"",""Wie erlebten Sie die Berufs- und Studienwahl an Ihrem Gymnasium?"",""Während des Gymnasiums wurde mir genügend Zeit für die Studien- und Laufbahnwahl (z.B. Besuch von Informationsanlässen, Besuch bei der Studienberatung, o.ä.) zur Verfügung gestellt."""
"NULL,""690"",NULL,""Blsb_mittel"",""Wie erlebten Sie die Berufs- und Studienwahl an Ihrem Gymnasium?"",""Die Arbeitsmittel, die wir in der Schule für die Studienwahlvorbereitung nutzten, waren für mich hilfreich."""
"NULL,""691"",NULL,""Blsb_unt"",""Wie erlebten Sie die Berufs- und Studienwahl an Ihrem Gymnasium?"",""Ich konnte relevante Informationsmittel zur Studien- und Berufswahl kompetent nutzen."""
"NULL,""692"",NULL,""Blsb_wahl"",""Wie erlebten Sie die Berufs- und Studienwahl an Ihrem Gymnasium?"",""Aus heutiger Sicht hat mich meine Schule gut bei der Studienwahl bzw. Laufbahnplanung unterstützt."""
"NULL,""693"",NULL,""Blsb_ext"",""Wie erlebten Sie die Berufs- und Studienwahl an Ihrem Gymnasium?"",""Die schulexternen Unterstützungsangebote zur Studien- und Berufswahl waren mir bekannt."""
"NULL,""694"",NULL,""Blsb_hilf"",""Wie erlebten Sie die Berufs- und Studienwahl an Ihrem Gymnasium?"",""Aus heutiger Sicht war die schulexterne Studien- und Laufbahnberatung für mich hilfreich."""
"NULL,""695"",NULL,""Blsb_schnu"",""Wie erlebten Sie die Berufs- und Studienwahl an Ihrem Gymnasium?"",""Schnuppern (in Vorlesungen oder im Beruf) war für mich bei meiner Studien- und Berufswahl hilfreich."""
"NULL,""696"",NULL,""Blsb_gespr"",""Wie erlebten Sie die Berufs- und Studienwahl an Ihrem Gymnasium?"",""Persönliche Gespräche mit Studierenden oder Berufsleuten halfen mir bei meiner Studien- und Berufswahl."""
"NULL,""697"",NULL,""Blsb_bes"",""Wie erlebten Sie die Berufs- und Studienwahl an Ihrem Gymnasium?"",""Hochschulbesuchstage waren für mich bei meiner Studien- und Berufswahl hilfreich."""
"NULL,""698"",NULL,""Blsb_thema"",""Wie erlebten Sie die Berufs- und Studienwahl an Ihrem Gymnasium?"",""Meine Studien- und Berufswahl war für mich in den letzten beiden Jahren des Gymnasiums ein wichtiges Thema."""
"NULL,""699"",NULL,""Blsb_serious"",""Wie erlebten Sie die Berufs- und Studienwahl an Ihrem Gymnasium?"",""Ich habe mich mit meiner Studien- und Berufswahl seriös auseinandergesetzt und hierfür auch Zeit investiert."""
"NULL,""700"",NULL,""Blsb_moegl"",""Wie erlebten Sie die Berufs- und Studienwahl an Ihrem Gymnasium?"",""Die für mich relevanten Studien- und Berufsmöglichkeiten waren mir bekannt."""
"NULL,""701"",NULL,""Blsb_vorb"",""Wie erlebten Sie die Berufs- und Studienwahl an Ihrem Gymnasium?"",""Ich war gut vorbereitet, um ein Studium oder einen Beruf zu wählen, das/der zu mir passt."""
"NULL,""702"",NULL,""Blsb_plan"",""Wie erlebten Sie die Berufs- und Studienwahl an Ihrem Gymnasium?"",""Ich wusste, was ich tun musste, um mein gewünschtes Studium bzw. meine gewünschte Ausbildung aufzunehmen."""
"NULL,""703"",NULL,""filter_subjects"",""Welche der folgenden Fächer haben Sie %s<school_type_local> besucht?"","
"NULL,""703"",NULL,""filter_subjects"",""Welche der folgenden Fächer haben Sie an Ihrer Schule in den letzten 3 Jahren besucht?"","
"NULL,""750"",NULL,""filter_movetia"",""Haben Sie an einer Austausch- und/oder Mobilitätsaktivität während Ihrer Ausbildung %s<school_type_local> teilgenommen?"","
"NULL,""751"",NULL,""Art_"",""An welcher Art und an wie vielen Austausch- und Mobilitätsaktivitäten haben Sie teilgenommen? (Mehrfachantworten möglich)"","
"NULL,""752"",NULL,""Mov_Org_"",""Wer hat die Austausch- oder Mobilitätsaktivität(en) organisiert? (Mehrfachantworten möglich)"","
"NULL,""753"",NULL,""Wo_"",""Wohin ging(en) die Austausch- oder Mobilitätsaktivitäten? (Mehrfachantworten möglich)"","
"NULL,""754"",NULL,""Zeit_"",""Wie lange dauerte(n) die Austausch- oder Mobilitätsaktivität(en)? (Mehrfachantworten möglich)"","